relative_path,bytes,sha256
shared_domain_profile_audit.csv,23134,58deebaccea3691fcb0dec321dcb234c5d6af12da1d08544c7f534cbc1f868e4
shared_domain_profile_audit_summary.json,1529,b895ec5b2192535fcce8987f722b8203fab92dd85c5c02fd039ef03c1fa3a138
source_inputs/external_evidence_audit_summary.json,1282,74e61afa04ee6535b92c41753ea79224b065a47f3e829467e93c070b21b9f258
source_inputs/external_evidence_audit_units.csv,194822,ed4d7cc7832432f75f034018136ac736cebf480ac426e9ece72aaf024e6d9b7d
source_inputs/external_evidence_domains.csv,63125,bd4cf6d2ecbfe891654000719edc1e13fef4bfe45485a167540760b474192f09
source_inputs/external_evidence_profiles.csv,424893,b216a47342ca8496eb0d9254f302628597a608b046d721d2d8feb7dcbea406d9
source_inputs/profile_eligibility_review_groups_v8.csv,160634,278314847e97901c223e59f98a6c01916dbe32b55b842d15cecb55c1802bf381
source_inputs/profile_eligibility_review_prepare_summary_v8.json,1058,3e18243830fed5fb1d3da3add5caf380ca66deb1d98628d66c9c842fce9b7d62
source_inputs/profile_eligibility_review_rows_v8.csv,451707,35040dc626332189854988efc0b0e75437a496c927d4298ba1ee673ed286d386
source_inputs/shared_domain_profile_decisions.csv,17649,99a686e4bf8d68be2c1fc3288935af9b07131c8e277d9d339d24cd662874a40c
source_inputs/verified_decisions_before_shared_domain_audit.csv,53200,95f3af6c708345dea093b2af341ccfb3c9cee3ebb7deb4c9935ad1a902e8cdbe
verified_decisions_after_shared_domain_audit.csv,70686,8e8a64edcaef20a9d5bfe2ca968afa8925ba8c4839239a78b544473eb2d2509e
