decision_id,market,reference_key,reference_title,reference_address,reference_zip,returned_candidate_count,fixed_identity_evidence_candidate_count,provider_closed_signal_candidate_count,best_candidate_key,best_candidate_title,best_candidate_category,best_candidate_address,best_candidate_url,best_candidate_business_status,best_candidate_provider_closed_signal,best_distance_meters,best_same_address,best_same_phone,best_same_domain,best_title_similarity,best_fixed_identity_evidence,included_in_main_discovery_pipeline,allowed_manual_decisions,manual_decision,selected_candidate_key,decision_evidence,evidence_url,reviewed_by,reviewed_on
reference_status:competition_unit:clinic:7e1883f16b70528f,Eureka_CA_S,competition_unit:clinic:7e1883f16b70528f,Family Nails & Spa,"1801 Fairfield St, Eureka, CA 95501",95501.0,1,1,0,google:cid:17392381394756290981,Family Nails & Spa,Nail salon,"1801 Fairfield St, Eureka, CA 95501",https://familynailsspaeureka.com/,,False,0.0,True,False,False,1.0,True,False,active_reference_not_rediscovered|active_renamed_or_relocated_location|active_same_historical_location|historical_location_closed|historical_reference_out_of_scope|unresolved,historical_reference_out_of_scope,,"The historical place and saved Maps result identify Family Nails & Spa at 1801 Fairfield St, Eureka, CA 95501. The returned category is Nail salon, and the title and category do not identify a patient-facing dentist or included dental specialty under the frozen study taxonomy.",https://familynailsspaeureka.com/,Codex-assisted evidence audit,2026-09-19T00:00:00Z
reference_status:competition_unit:clinic:0c714a237201494a,Eureka_CA_S,competition_unit:clinic:0c714a237201494a,Hanger Clinic: Prosthetics & Orthotics,"2773 Harris St Suite C, Eureka, CA 95501",95501.0,1,1,0,google:cid:8932883084705922901,Hanger Clinic: Prosthetics & Orthotics,Orthotics & prosthetics service,"2773 Harris St Ste C, Eureka, CA 95501",https://hangerclinic.com/clinics/CA/eureka/harris-st/,,False,0.0,False,False,False,1.0,True,False,active_reference_not_rediscovered|active_renamed_or_relocated_location|active_same_historical_location|historical_location_closed|historical_reference_out_of_scope|unresolved,historical_reference_out_of_scope,,"The historical place and saved Maps result identify Hanger Clinic: Prosthetics & Orthotics at 2773 Harris St Ste C, Eureka, CA 95501. The returned category is Orthotics & prosthetics service, and the title and category do not identify a patient-facing dentist or included dental specialty under the frozen study taxonomy.",https://hangerclinic.com/clinics/CA/eureka/harris-st/,Codex-assisted evidence audit,2026-09-19T00:00:00Z
reference_status:competition_unit:clinic:f09b0422a32617c3,Eureka_CA_S,competition_unit:clinic:f09b0422a32617c3,Humboldt County Children's Behavioral Health,"2440 6th St, Eureka, CA 95501",95501.0,1,1,0,google:cid:4755926136928726589,Humboldt County Children's Behavioral Health,Mental health service,"2440 6th St, Eureka, CA 95501",https://humboldtgov.org/1601/Childrens-Behavioral-Health-Services,,False,0.0,True,False,False,1.0,True,False,active_reference_not_rediscovered|active_renamed_or_relocated_location|active_same_historical_location|historical_location_closed|historical_reference_out_of_scope|unresolved,historical_reference_out_of_scope,,"The historical place and saved Maps result identify Humboldt County Children's Behavioral Health at 2440 6th St, Eureka, CA 95501. The returned category is Mental health service, and the title and category do not identify a patient-facing dentist or included dental specialty under the frozen study taxonomy.",https://humboldtgov.org/1601/Childrens-Behavioral-Health-Services,Codex-assisted evidence audit,2026-09-19T00:00:00Z
reference_status:competition_unit:clinic:77abe3a0f278c117,Eureka_CA_S,competition_unit:clinic:77abe3a0f278c117,Humboldt Family Service Center,"1802 California St, Eureka, CA 95501",95501.0,1,1,0,google:cid:5247255792313124781,Humboldt Family Service Center,Non-profit organization,"1802 California St, Eureka, CA 95501",http://humboldtfamily.org/,,False,0.0,True,False,False,1.0,True,False,active_reference_not_rediscovered|active_renamed_or_relocated_location|active_same_historical_location|historical_location_closed|historical_reference_out_of_scope|unresolved,historical_reference_out_of_scope,,"The historical place and saved Maps result identify Humboldt Family Service Center at 1802 California St, Eureka, CA 95501. The returned category is Non-profit organization, and the title and category do not identify a patient-facing dentist or included dental specialty under the frozen study taxonomy.",http://humboldtfamily.org/,Codex-assisted evidence audit,2026-09-19T00:00:00Z
reference_status:competition_unit:clinic:f5c43e9740aba764,Eureka_CA_S,competition_unit:clinic:f5c43e9740aba764,Myrtle Avenue Pet Center,"2725 Hubbard Ln, Eureka, CA 95501",95501.0,1,1,0,google:cid:5949346240622832979,Myrtle Avenue Pet Center,Pet supply store,"2725 Hubbard Ln, Eureka, CA 95501",http://myrtleavepetcenter.com/,,False,0.0,True,False,False,1.0,True,False,active_reference_not_rediscovered|active_renamed_or_relocated_location|active_same_historical_location|historical_location_closed|historical_reference_out_of_scope|unresolved,historical_reference_out_of_scope,,"The historical place and saved Maps result identify Myrtle Avenue Pet Center at 2725 Hubbard Ln, Eureka, CA 95501. The returned category is Pet supply store, and the title and category do not identify a patient-facing dentist or included dental specialty under the frozen study taxonomy.",http://myrtleavepetcenter.com/,Codex-assisted evidence audit,2026-09-19T00:00:00Z
reference_status:competition_unit:clinic:a52af4030707c9b1,Eureka_CA_S,competition_unit:clinic:a52af4030707c9b1,Myrtle Avenue Veterinary Hospital: Robinson Erica DVM,"2715 Hubbard Ln, Eureka, CA 95501",95501.0,1,0,0,google:cid:15234039165892868140,Myrtle Avenue Veterinary Hospital,Veterinarian,"2390 Myrtle Avenue, Eureka, CA 95501",http://www.myrtleavenuevet.com/,,False,288.978,False,False,False,0.7765,False,False,active_reference_not_rediscovered|active_renamed_or_relocated_location|active_same_historical_location|historical_location_closed|historical_reference_out_of_scope|unresolved,historical_reference_out_of_scope,,"The historical place and saved Maps result identify Myrtle Avenue Veterinary Hospital at 2390 Myrtle Avenue, Eureka, CA 95501. The returned category is Veterinarian, and the title and category do not identify a patient-facing dentist or included dental specialty under the frozen study taxonomy.",http://www.myrtleavenuevet.com/,Codex-assisted evidence audit,2026-09-19T00:00:00Z
reference_status:competition_unit:clinic:622d9118a3f2863d,Eureka_CA_S,competition_unit:clinic:622d9118a3f2863d,Providence Medical Group Eureka - Orthopedics,"2826 Harris St, Eureka, CA 95503",95503.0,1,1,0,google:cid:14688094337388084010,Providence Medical Group Eureka - Orthopedics,Orthopedic clinic,"2826 Harris St, Eureka, CA 95503",https://www.providence.org/locations/norcal/eureka-orthopedics?ls=location&y_source=1_OTU3NTc1NC03MTUtbG9jYXRpb24ud2Vic2l0ZQ%3D%3D,,False,0.0,True,False,False,1.0,True,False,active_reference_not_rediscovered|active_renamed_or_relocated_location|active_same_historical_location|historical_location_closed|historical_reference_out_of_scope|unresolved,historical_reference_out_of_scope,,"The historical place and saved Maps result identify Providence Medical Group Eureka - Orthopedics at 2826 Harris St, Eureka, CA 95503. The returned category is Orthopedic clinic, and the title and category do not identify a patient-facing dentist or included dental specialty under the frozen study taxonomy.",https://www.providence.org/locations/norcal/eureka-orthopedics?ls=location&y_source=1_OTU3NTc1NC03MTUtbG9jYXRpb24ud2Vic2l0ZQ%3D%3D,Codex-assisted evidence audit,2026-09-19T00:00:00Z
reference_status:competition_unit:clinic:53f780ce90449d67,Eureka_CA_S,competition_unit:clinic:53f780ce90449d67,Providence Medical Group Eureka - Pediatrics,"3200 Walford Ave, Eureka, CA 95503",95503.0,2,1,0,google:cid:16486628105975502960,Providence Medical Group Eureka - Obstetrics and Gynecology,Obstetrician-gynecologist,"3200 Walford Ave, Eureka, CA 95503",,,False,16.17,True,False,False,0.7677,True,False,active_reference_not_rediscovered|active_renamed_or_relocated_location|active_same_historical_location|historical_location_closed|historical_reference_out_of_scope|unresolved,historical_reference_out_of_scope,,"The historical place and saved Maps result identify Providence Medical Group Eureka - Obstetrics and Gynecology at 3200 Walford Ave, Eureka, CA 95503. The returned category is Obstetrician-gynecologist, and the title and category do not identify a patient-facing dentist or included dental specialty under the frozen study taxonomy.",https://www.providence.org/locations/norcal/eureka-pediatrics?ls=location&y_source=1_MjM2OTQ3NDEtNzE1LWxvY2F0aW9uLndlYnNpdGU%3D,Codex-assisted evidence audit,2026-09-19T00:00:00Z
reference_status:competition_unit:clinic:f04d1ed4f622f661,Eureka_CA_S,competition_unit:clinic:f04d1ed4f622f661,Providence St. Joseph Hospital Eureka Emergency Room,"2700 Dolbeer St, Eureka, CA 95501",95501.0,2,2,0,google:cid:12516709002802335306,Providence St. Joseph Hospital Eureka Emergency Room,Emergency room,"2700 Dolbeer St, Eureka, CA 95501",https://www.providence.org/locations/norcal/st-joseph-hospital-eureka/emergency-department?ls=location&y_source=1_MjQyODI2NTItNzE1LWxvY2F0aW9uLndlYnNpdGU%3D,,False,0.0,True,False,False,1.0,True,False,active_reference_not_rediscovered|active_renamed_or_relocated_location|active_same_historical_location|historical_location_closed|historical_reference_out_of_scope|unresolved,historical_reference_out_of_scope,,"The historical place and saved Maps result identify Providence St. Joseph Hospital Eureka Emergency Room at 2700 Dolbeer St, Eureka, CA 95501. The returned category is Emergency room, and the title and category do not identify a patient-facing dentist or included dental specialty under the frozen study taxonomy.",https://www.providence.org/locations/norcal/st-joseph-hospital-eureka/emergency-department?ls=location&y_source=1_MjQyODI2NTItNzE1LWxvY2F0aW9uLndlYnNpdGU%3D,Codex-assisted evidence audit,2026-09-19T00:00:00Z
reference_status:competition_unit:clinic:eaee1f9dc5828b07,Eureka_CA_S,competition_unit:clinic:eaee1f9dc5828b07,Redwood Aesthetic Medicine,"2451 Buhne St, Eureka, CA 95501",95501.0,1,1,0,google:cid:15997727956704757145,Redwood Aesthetic Medicine,Doctor,"2451 Buhne St, Eureka, CA 95501",https://redwoodaestheticmedicine.com/,,False,0.0,True,False,False,1.0,True,False,active_reference_not_rediscovered|active_renamed_or_relocated_location|active_same_historical_location|historical_location_closed|historical_reference_out_of_scope|unresolved,historical_reference_out_of_scope,,"The historical place and saved Maps result identify Redwood Aesthetic Medicine at 2451 Buhne St, Eureka, CA 95501. The returned category is Doctor, and the title and category do not identify a patient-facing dentist or included dental specialty under the frozen study taxonomy.",https://redwoodaestheticmedicine.com/,Codex-assisted evidence audit,2026-09-19T00:00:00Z
reference_status:competition_unit:clinic:e5dbee1ee8125113,Eureka_CA_S,competition_unit:clinic:e5dbee1ee8125113,Redwood Podiatry Group,"3258 Timber Fall Ct, Eureka, CA 95503",95503.0,1,1,0,google:cid:11914185165483316836,Redwood Podiatry Group,Podiatrist,"3258 Timber Fall Ct, Eureka, CA 95503",https://www.redwoodpodiatry.com/,,False,0.0,True,False,False,1.0,True,False,active_reference_not_rediscovered|active_renamed_or_relocated_location|active_same_historical_location|historical_location_closed|historical_reference_out_of_scope|unresolved,historical_reference_out_of_scope,,"The historical place and saved Maps result identify Redwood Podiatry Group at 3258 Timber Fall Ct, Eureka, CA 95503. The returned category is Podiatrist, and the title and category do not identify a patient-facing dentist or included dental specialty under the frozen study taxonomy.",https://www.redwoodpodiatry.com/,Codex-assisted evidence audit,2026-09-19T00:00:00Z
reference_status:competition_unit:address:55592d99477a5182,Eureka_CA_S,competition_unit:address:55592d99477a5182,Walgreens Pharmacy,"2525 Harris St, Eureka, CA 95503",95503.0,1,1,0,google:cid:13655340368789095269,Walgreens Pharmacy,Pharmacy,"2525 Harris St, Eureka, CA 95503",https://www.walgreens.com/locator/walgreens-2525+harris+st-eureka-ca-95503/id=5863,,False,0.0,True,False,False,1.0,True,False,active_reference_not_rediscovered|active_renamed_or_relocated_location|active_same_historical_location|historical_location_closed|historical_reference_out_of_scope|unresolved,historical_reference_out_of_scope,,"The historical place and saved Maps result identify Walgreens Pharmacy at 2525 Harris St, Eureka, CA 95503. The returned category is Pharmacy, and the title and category do not identify a patient-facing dentist or included dental specialty under the frozen study taxonomy.",https://www.walgreens.com/locator/walgreens-2525+harris+st-eureka-ca-95503/id=5863,Codex-assisted evidence audit,2026-09-19T00:00:00Z
reference_status:competition_unit:address:f7844a41aa24361b,FortBragg_CA_S,competition_unit:address:f7844a41aa24361b,CVS,"150 S Main St, Fort Bragg, CA 95437",95437.0,1,1,0,google:cid:4835361201139210311,CVS,Drug store,"150 S Main St, Fort Bragg, CA 95437",https://www.cvs.com/store-locator/fort-bragg-ca-pharmacies/150-s-main-st-fort-bragg-ca-95437/storeid=3932?WT.mc_id=LS_GOOGLE_FS_3932,,False,0.0,True,False,False,1.0,True,False,active_reference_not_rediscovered|active_renamed_or_relocated_location|active_same_historical_location|historical_location_closed|historical_reference_out_of_scope|unresolved,historical_reference_out_of_scope,,"The historical place and saved Maps result identify CVS at 150 S Main St, Fort Bragg, CA 95437. The returned category is Drug store, and the title and category do not identify a patient-facing dentist or included dental specialty under the frozen study taxonomy.",https://www.cvs.com/store-locator/fort-bragg-ca-pharmacies/150-s-main-st-fort-bragg-ca-95437/storeid=3932?WT.mc_id=LS_GOOGLE_FS_3932,Codex-assisted evidence audit,2026-09-19T00:00:00Z
reference_status:competition_unit:clinic:19b71ede0a13841e,FortBragg_CA_S,competition_unit:clinic:19b71ede0a13841e,Family Medicine: Adventist Health,"850 Sequoia Cir, Fort Bragg, CA 95437",95437.0,6,1,0,google:cid:2862103408094430297,Adventist Health Primary and Specialty Care,Family practice physician,"850 Sequoia Cir, Fort Bragg, CA 95437",https://adventisthealth.org/locations/detail/family-medicine-adventist-health-4272/,,False,0.0,True,False,False,0.4267,True,False,active_reference_not_rediscovered|active_renamed_or_relocated_location|active_same_historical_location|historical_location_closed|historical_reference_out_of_scope|unresolved,historical_reference_out_of_scope,,"The historical place and saved Maps result identify Adventist Health Primary and Specialty Care at 850 Sequoia Cir, Fort Bragg, CA 95437. The returned category is Family practice physician, and the title and category do not identify a patient-facing dentist or included dental specialty under the frozen study taxonomy.",https://adventisthealth.org/locations/detail/family-medicine-adventist-health-4272/,Codex-assisted evidence audit,2026-09-19T00:00:00Z
reference_status:competition_unit:clinic:c947120292ef6700,FortBragg_CA_S,competition_unit:clinic:c947120292ef6700,Fort Bragg Feed & Pet Inc,"880 Stewart St # D, Fort Bragg, CA 95437",95437.0,1,1,0,google:cid:16031957758279905896,Fort Bragg Feed & Pet Inc,Pet supply store,"880 Stewart St # D, Fort Bragg, CA 95437",,,False,0.0,True,False,False,1.0,True,False,active_reference_not_rediscovered|active_renamed_or_relocated_location|active_same_historical_location|historical_location_closed|historical_reference_out_of_scope|unresolved,historical_reference_out_of_scope,,"The historical place and saved Maps result identify Fort Bragg Feed & Pet Inc at 880 Stewart St # D, Fort Bragg, CA 95437. The returned category is Pet supply store, and the title and category do not identify a patient-facing dentist or included dental specialty under the frozen study taxonomy.",https://www.google.com/maps?cid=16031957758279905896,Codex-assisted evidence audit,2026-09-19T00:00:00Z
reference_status:competition_unit:clinic:ad644ea1a21e5cb9,FortBragg_CA_S,competition_unit:clinic:ad644ea1a21e5cb9,Team Insurance & Financial Services,"414 S Franklin St, Fort Bragg, CA 95437",95437.0,1,1,0,google:cid:3747922901108405397,Team Insurance & Financial Services,Insurance agency,"414 S Franklin St, Fort Bragg, CA 95437",https://www.teaminsurance.net/,,False,0.0,True,False,False,1.0,True,False,active_reference_not_rediscovered|active_renamed_or_relocated_location|active_same_historical_location|historical_location_closed|historical_reference_out_of_scope|unresolved,historical_reference_out_of_scope,,"The historical place and saved Maps result identify Team Insurance & Financial Services at 414 S Franklin St, Fort Bragg, CA 95437. The returned category is Insurance agency, and the title and category do not identify a patient-facing dentist or included dental specialty under the frozen study taxonomy.",https://www.teaminsurance.net/,Codex-assisted evidence audit,2026-09-19T00:00:00Z
reference_status:competition_unit:clinic:7608096b761d2083,SaranacLake_NY_S,competition_unit:clinic:7608096b761d2083,"Adam Abodeely, MD","State, 2249 NY-86 #2, Saranac Lake, NY 12983",12983.0,1,1,0,google:cid:8010279444074502535,"Adam Abodeely, MD",Proctologist,"State, 2249 NY-86 #2, Saranac Lake, NY 12983",,,False,0.0,True,False,False,1.0,True,False,active_reference_not_rediscovered|active_renamed_or_relocated_location|active_same_historical_location|historical_location_closed|historical_reference_out_of_scope|unresolved,historical_reference_out_of_scope,,"The historical place and saved Maps result identify Adam Abodeely, MD at State, 2249 NY-86 #2, Saranac Lake, NY 12983. The returned category is Proctologist, and the title and category do not identify a patient-facing dentist or included dental specialty under the frozen study taxonomy.",https://www.google.com/maps?cid=8010279444074502535,Codex-assisted evidence audit,2026-09-19T00:00:00Z
reference_status:competition_unit:clinic:d4bd6e85b5575839,SaranacLake_NY_S,competition_unit:clinic:d4bd6e85b5575839,Adirondack Foot Clinic,"136 Broadway Suite 3, Saranac Lake, NY 12983",12983.0,2,1,0,google:cid:6437658541692908315,Adirondack Foot Clinic,Medical clinic,"136 Broadway Ste 3, Saranac Lake, NY 12983",,,False,0.0,False,False,False,1.0,True,False,active_reference_not_rediscovered|active_renamed_or_relocated_location|active_same_historical_location|historical_location_closed|historical_reference_out_of_scope|unresolved,historical_reference_out_of_scope,,"The historical place and saved Maps result identify Adirondack Foot Clinic at 136 Broadway Ste 3, Saranac Lake, NY 12983. The returned category is Medical clinic, and the title and category do not identify a patient-facing dentist or included dental specialty under the frozen study taxonomy.",https://www.google.com/maps?cid=6437658541692908315,Codex-assisted evidence audit,2026-09-19T00:00:00Z
reference_status:competition_unit:clinic:a5703f448d5d8e2a,SaranacLake_NY_S,competition_unit:clinic:a5703f448d5d8e2a,"Moncrief & McLean Land Surveyors, P.C.","79 Pontiac St, Saranac Lake, NY 12983",12983.0,1,1,0,google:cid:4429999725060765189,"Moncrief & McLean Land Surveyors, P.C.",Land surveyor,"79 Pontiac St, Saranac Lake, NY 12983",https://www.newyorkdronesurvey.com/,,False,0.0,True,False,False,1.0,True,False,active_reference_not_rediscovered|active_renamed_or_relocated_location|active_same_historical_location|historical_location_closed|historical_reference_out_of_scope|unresolved,historical_reference_out_of_scope,,"The historical place and saved Maps result identify Moncrief & McLean Land Surveyors, P.C. at 79 Pontiac St, Saranac Lake, NY 12983. The returned category is Land surveyor, and the title and category do not identify a patient-facing dentist or included dental specialty under the frozen study taxonomy.",https://www.newyorkdronesurvey.com/,Codex-assisted evidence audit,2026-09-19T00:00:00Z
reference_status:competition_unit:clinic:c1d2355a28051f48,SaranacLake_NY_S,competition_unit:clinic:c1d2355a28051f48,Planned Parenthood - Saranac Lake Clinic,"41 St Bernard St, Saranac Lake, NY 12983",12983.0,1,1,0,google:cid:1344001124106575419,Planned Parenthood - Saranac Lake Clinic,Family planning center,"41 St Bernard St, Saranac Lake, NY 12983",https://www.plannedparenthood.org/health-center/new-york/saranac-lake/12983/saranac-lake-clinic-3428-91210?utm_campaign=saranac-lake-clinic&utm_medium=organic&utm_source=local-listing,,False,0.0,True,False,False,1.0,True,False,active_reference_not_rediscovered|active_renamed_or_relocated_location|active_same_historical_location|historical_location_closed|historical_reference_out_of_scope|unresolved,historical_reference_out_of_scope,,"The historical place and saved Maps result identify Planned Parenthood - Saranac Lake Clinic at 41 St Bernard St, Saranac Lake, NY 12983. The returned category is Family planning center, and the title and category do not identify a patient-facing dentist or included dental specialty under the frozen study taxonomy.",https://www.plannedparenthood.org/health-center/new-york/saranac-lake/12983/saranac-lake-clinic-3428-91210?utm_campaign=saranac-lake-clinic&utm_medium=organic&utm_source=local-listing,Codex-assisted evidence audit,2026-09-19T00:00:00Z
reference_status:competition_unit:clinic:7c654f1e4b2a41d1,SaranacLake_NY_S,competition_unit:clinic:7c654f1e4b2a41d1,Saranac Lake Family Health,"2249 NY-86, Saranac Lake, NY 12983",12983.0,1,1,0,google:cid:7841007499551209884,Saranac Lake Family Health,Medical Center,"2249 NY-86, Saranac Lake, NY 12983",https://www.hhhn.org/,,False,0.0,True,False,False,1.0,True,False,active_reference_not_rediscovered|active_renamed_or_relocated_location|active_same_historical_location|historical_location_closed|historical_reference_out_of_scope|unresolved,historical_reference_out_of_scope,,"The historical place and saved Maps result identify Saranac Lake Family Health at 2249 NY-86, Saranac Lake, NY 12983. The returned category is Medical Center, and the title and category do not identify a patient-facing dentist or included dental specialty under the frozen study taxonomy.",https://www.hhhn.org/,Codex-assisted evidence audit,2026-09-19T00:00:00Z
reference_status:competition_unit:address:c12963862a67803a,SaranacLake_NY_S,competition_unit:address:c12963862a67803a,Saranac Lake Health Center - Adirondack Health,"285 Old Lake Colby Rd, Saranac Lake, NY 12983",12983.0,1,1,0,google:cid:17340281076683220594,Saranac Lake Health Center - Adirondack Health,Medical clinic,"285 Old Lake Colby Rd, Saranac Lake, NY 12983",https://adirondackhealth.org/locations/saranac-lake-health-center/,,False,0.0,True,False,False,1.0,True,False,active_reference_not_rediscovered|active_renamed_or_relocated_location|active_same_historical_location|historical_location_closed|historical_reference_out_of_scope|unresolved,historical_reference_out_of_scope,,"The historical place and saved Maps result identify Saranac Lake Health Center - Adirondack Health at 285 Old Lake Colby Rd, Saranac Lake, NY 12983. The returned category is Medical clinic, and the title and category do not identify a patient-facing dentist or included dental specialty under the frozen study taxonomy.",https://adirondackhealth.org/locations/saranac-lake-health-center/,Codex-assisted evidence audit,2026-09-19T00:00:00Z
reference_status:competition_unit:clinic:b8aca166132a7c76,SaranacLake_NY_S,competition_unit:clinic:b8aca166132a7c76,"Surgical Eye Care, PLLC","86 Main St, Saranac Lake, NY 12983",12983.0,1,1,0,google:cid:12678815260927864579,"Surgical Eye Care, PLLC",Ophthalmology clinic,"86 Main St, Saranac Lake, NY 12983",,,False,0.0,True,False,False,1.0,True,False,active_reference_not_rediscovered|active_renamed_or_relocated_location|active_same_historical_location|historical_location_closed|historical_reference_out_of_scope|unresolved,historical_reference_out_of_scope,,"The historical place and saved Maps result identify Surgical Eye Care, PLLC at 86 Main St, Saranac Lake, NY 12983. The returned category is Ophthalmology clinic, and the title and category do not identify a patient-facing dentist or included dental specialty under the frozen study taxonomy.",https://www.google.com/maps?cid=12678815260927864579,Codex-assisted evidence audit,2026-09-19T00:00:00Z
reference_status:competition_unit:clinic:230d3027668cdd45,SaranacLake_NY_S,competition_unit:clinic:230d3027668cdd45,Women's Health Center,"2249 NY-86 #4, Saranac Lake, NY 12983",12983.0,1,1,0,google:cid:1068278382712738648,Women's Health Center,Women's health clinic,"2249 NY-86 #4, Saranac Lake, NY 12983",https://www.adirondackhealth.org/services-conditions/womens-health,,False,0.0,True,False,False,1.0,True,False,active_reference_not_rediscovered|active_renamed_or_relocated_location|active_same_historical_location|historical_location_closed|historical_reference_out_of_scope|unresolved,historical_reference_out_of_scope,,"The historical place and saved Maps result identify Women's Health Center at 2249 NY-86 #4, Saranac Lake, NY 12983. The returned category is Women's health clinic, and the title and category do not identify a patient-facing dentist or included dental specialty under the frozen study taxonomy.",https://www.adirondackhealth.org/services-conditions/womens-health,Codex-assisted evidence audit,2026-09-19T00:00:00Z
reference_status:competition_unit:clinic:9498ef0299679a63,Toccoa_GA_S,competition_unit:clinic:9498ef0299679a63,Clinic Pharmacy,"58 Big A Rd #101, Toccoa, GA 30577",30577.0,3,1,0,google:cid:8208346912076433825,Clinic Pharmacy,Pharmacy,"58 Big A Rd #101, Toccoa, GA 30577",https://www.mygnp.com/pharmacies/clinic-pharmacy-toccoa-ga-30577/?utm_source=google&utm_medium=local&utm_campaign=localmaps&utm_content=1141441,,False,0.0,True,False,False,1.0,True,False,active_reference_not_rediscovered|active_renamed_or_relocated_location|active_same_historical_location|historical_location_closed|historical_reference_out_of_scope|unresolved,historical_reference_out_of_scope,,"The historical place and saved Maps result identify Clinic Pharmacy at 58 Big A Rd #101, Toccoa, GA 30577. The returned category is Pharmacy, and the title and category do not identify a patient-facing dentist or included dental specialty under the frozen study taxonomy.",https://www.mygnp.com/pharmacies/clinic-pharmacy-toccoa-ga-30577/?utm_source=google&utm_medium=local&utm_campaign=localmaps&utm_content=1141441,Codex-assisted evidence audit,2026-09-19T00:00:00Z
reference_status:competition_unit:clinic:0eef484b441b90e1,Toccoa_GA_S,competition_unit:clinic:0eef484b441b90e1,Family Eye Care of Toccoa,"1399 Big A Rd, Toccoa, GA 30577",30577.0,1,1,0,google:cid:12174156559484437964,Family Eye Care of Toccoa,Optometrist,"1399 Big A Rd, Toccoa, GA 30577",http://www.familyeyecareoftoccoa.com/,,False,0.0,True,False,False,1.0,True,False,active_reference_not_rediscovered|active_renamed_or_relocated_location|active_same_historical_location|historical_location_closed|historical_reference_out_of_scope|unresolved,historical_reference_out_of_scope,,"The historical place and saved Maps result identify Family Eye Care of Toccoa at 1399 Big A Rd, Toccoa, GA 30577. The returned category is Optometrist, and the title and category do not identify a patient-facing dentist or included dental specialty under the frozen study taxonomy.",http://www.familyeyecareoftoccoa.com/,Codex-assisted evidence audit,2026-09-19T00:00:00Z
reference_status:competition_unit:address:32ecea46d04716b2,Toccoa_GA_S,competition_unit:address:32ecea46d04716b2,Stephens County Hospital,"163 Hospital Dr, Toccoa, GA 30577",30577.0,1,1,0,google:cid:9595082855414107546,Stephens County Hospital,General hospital,"163 Hospital Dr, Toccoa, GA 30577",http://www.stephenscountyhospital.com/,,False,0.0,True,False,False,1.0,True,False,active_reference_not_rediscovered|active_renamed_or_relocated_location|active_same_historical_location|historical_location_closed|historical_reference_out_of_scope|unresolved,historical_reference_out_of_scope,,"The historical place and saved Maps result identify Stephens County Hospital at 163 Hospital Dr, Toccoa, GA 30577. The returned category is General hospital, and the title and category do not identify a patient-facing dentist or included dental specialty under the frozen study taxonomy.",http://www.stephenscountyhospital.com/,Codex-assisted evidence audit,2026-09-19T00:00:00Z
reference_status:competition_unit:clinic:6bf76b6b8d701aad,Vidalia_GA_S,competition_unit:clinic:6bf76b6b8d701aad,Altamaha Animal Clinic,"300 Commerce Way, Vidalia, GA 30474",30474.0,1,1,0,google:cid:15607880369370126055,Altamaha Animal Clinic,Animal hospital,"300 Commerce Way, Vidalia, GA 30474",http://altamahaanimalclinic.com/,,False,0.0,True,False,False,1.0,True,False,active_reference_not_rediscovered|active_renamed_or_relocated_location|active_same_historical_location|historical_location_closed|historical_reference_out_of_scope|unresolved,historical_reference_out_of_scope,,"The historical place and saved Maps result identify Altamaha Animal Clinic at 300 Commerce Way, Vidalia, GA 30474. The returned category is Animal hospital, and the title and category do not identify a patient-facing dentist or included dental specialty under the frozen study taxonomy.",http://altamahaanimalclinic.com/,Codex-assisted evidence audit,2026-09-19T00:00:00Z
reference_status:competition_unit:clinic:9352ae625216a7fb,Vidalia_GA_S,competition_unit:clinic:9352ae625216a7fb,Claudio Dental Laboratory,"206 E 3rd St, Vidalia, GA 30474",30474.0,2,0,0,google:cid:470667012213382435,Vidalia Smiles Dental Lab.,Dental laboratory,"301 Madison St, Vidalia, GA 30474",,,False,819.054,False,False,False,0.56,False,False,active_reference_not_rediscovered|active_renamed_or_relocated_location|active_same_historical_location|historical_location_closed|historical_reference_out_of_scope|unresolved,historical_reference_out_of_scope,,The historical title and saved Maps evidence identify a dental laboratory. The frozen category rule excludes Dental laboratory as an auxiliary dental business rather than a patient-facing dentist clinic.,https://dentalcentervidalia.com/,Codex-assisted evidence audit,2026-09-19T00:00:00Z
reference_status:competition_unit:clinic:9895c0eae215efa1,Vidalia_GA_S,competition_unit:clinic:9895c0eae215efa1,East Georgia Nephrology,"306 Maple Dr, Vidalia, GA 30474",30474.0,1,1,0,google:cid:12631363026032072752,East Georgia Nephrology,Nephrologist,"306 Maple Dr, Vidalia, GA 30474",,,False,0.0,True,False,False,1.0,True,False,active_reference_not_rediscovered|active_renamed_or_relocated_location|active_same_historical_location|historical_location_closed|historical_reference_out_of_scope|unresolved,historical_reference_out_of_scope,,"The historical place and saved Maps result identify East Georgia Nephrology at 306 Maple Dr, Vidalia, GA 30474. The returned category is Nephrologist, and the title and category do not identify a patient-facing dentist or included dental specialty under the frozen study taxonomy.",https://www.google.com/maps?cid=12631363026032072752,Codex-assisted evidence audit,2026-09-19T00:00:00Z
reference_status:competition_unit:clinic:5a8d94077e3e9a93,Vidalia_GA_S,competition_unit:clinic:5a8d94077e3e9a93,"Endoscopy Center of Southeast Georgia, Inc.","200 Maple Dr, Vidalia, GA 30474",30474.0,1,1,0,google:cid:135880293789798920,"Endoscopy Center of Southeast Georgia, Inc.",Gastroenterologist,"200 Maple Dr, Vidalia, GA 30474",http://www.prevention.md/,,False,0.0,True,False,False,1.0,True,False,active_reference_not_rediscovered|active_renamed_or_relocated_location|active_same_historical_location|historical_location_closed|historical_reference_out_of_scope|unresolved,historical_reference_out_of_scope,,"The historical place and saved Maps result identify Endoscopy Center of Southeast Georgia, Inc. at 200 Maple Dr, Vidalia, GA 30474. The returned category is Gastroenterologist, and the title and category do not identify a patient-facing dentist or included dental specialty under the frozen study taxonomy.",http://www.prevention.md/,Codex-assisted evidence audit,2026-09-19T00:00:00Z
reference_status:competition_unit:clinic:0d052a85fd453bc4,Vidalia_GA_S,competition_unit:clinic:0d052a85fd453bc4,Georgia Department of Labor Vidalia Career Center,"206 Queen St Suite 16, Vidalia, GA 30474",30474.0,1,1,0,google:cid:4935504437782430442,Georgia Department of Labor Vidalia Career Center,State government office,"206 Queen St Suite 16, Vidalia, GA 30474",https://dol.georgia.gov/,,False,0.0,True,False,False,1.0,True,False,active_reference_not_rediscovered|active_renamed_or_relocated_location|active_same_historical_location|historical_location_closed|historical_reference_out_of_scope|unresolved,historical_reference_out_of_scope,,"The historical place and saved Maps result identify Georgia Department of Labor Vidalia Career Center at 206 Queen St Suite 16, Vidalia, GA 30474. The returned category is State government office, and the title and category do not identify a patient-facing dentist or included dental specialty under the frozen study taxonomy.",https://dol.georgia.gov/,Codex-assisted evidence audit,2026-09-19T00:00:00Z
reference_status:competition_unit:clinic:1ca5c2d6ae631036,Vidalia_GA_S,competition_unit:clinic:1ca5c2d6ae631036,Maxwell Plaza Shopping Center,"Maxwell Plaza Shopping Center, E 1st St, Vidalia, GA 30474",30474.0,2,1,0,google:cid:17715534198630594349,Maxwell Plaza Shopping Center,Shopping mall,"Maxwell Plaza Shopping Center, E 1st St, Vidalia, GA 30474",,,False,0.0,True,False,False,1.0,True,False,active_reference_not_rediscovered|active_renamed_or_relocated_location|active_same_historical_location|historical_location_closed|historical_reference_out_of_scope|unresolved,historical_reference_out_of_scope,,"The historical place and saved Maps result identify Maxwell Plaza Shopping Center at Maxwell Plaza Shopping Center, E 1st St, Vidalia, GA 30474. The returned category is Shopping mall, and the title and category do not identify a patient-facing dentist or included dental specialty under the frozen study taxonomy.",https://www.google.com/maps?cid=17715534198630594349,Codex-assisted evidence audit,2026-09-19T00:00:00Z
reference_status:competition_unit:clinic:4d2e426d38cbc45b,Vidalia_GA_S,competition_unit:clinic:4d2e426d38cbc45b,Memorial Health Meadows Hospital,"One Meadows Pkwy, Vidalia, GA 30474",30474.0,1,1,0,google:cid:660002156623621570,Memorial Health Meadows Hospital,Hospital,"One Meadows Pkwy, Vidalia, GA 30474",https://www.memorialhealth.com/locations/memorial-health-meadows-hospital?utm_campaign=corp_listings_mgmt&utm_source=google&utm_medium=business_listing,,False,0.0,True,False,False,1.0,True,False,active_reference_not_rediscovered|active_renamed_or_relocated_location|active_same_historical_location|historical_location_closed|historical_reference_out_of_scope|unresolved,historical_reference_out_of_scope,,"The historical place and saved Maps result identify Memorial Health Meadows Hospital at One Meadows Pkwy, Vidalia, GA 30474. The returned category is Hospital, and the title and category do not identify a patient-facing dentist or included dental specialty under the frozen study taxonomy.",https://www.memorialhealth.com/locations/memorial-health-meadows-hospital?utm_campaign=corp_listings_mgmt&utm_source=google&utm_medium=business_listing,Codex-assisted evidence audit,2026-09-19T00:00:00Z
reference_status:competition_unit:clinic:7fd589345ba80017,Vidalia_GA_S,competition_unit:clinic:7fd589345ba80017,Memorial Health Meadows Hospital Emergency Department,"1 Meadows Pkwy, Vidalia, GA 30474",30474.0,1,1,0,google:cid:15306026788620919354,Memorial Health Meadows Hospital Emergency Department,Emergency room,"1 Meadows Pkwy, Vidalia, GA 30474",https://www.memorialhealth.com/locations/memorial-health-meadows-hospital/specialties/emergency-care?utm_campaign=corp_listings_mgmt&utm_source=google&utm_medium=business_listing,,False,0.0,True,False,False,1.0,True,False,active_reference_not_rediscovered|active_renamed_or_relocated_location|active_same_historical_location|historical_location_closed|historical_reference_out_of_scope|unresolved,historical_reference_out_of_scope,,"The historical place and saved Maps result identify Memorial Health Meadows Hospital Emergency Department at 1 Meadows Pkwy, Vidalia, GA 30474. The returned category is Emergency room, and the title and category do not identify a patient-facing dentist or included dental specialty under the frozen study taxonomy.",https://www.memorialhealth.com/locations/memorial-health-meadows-hospital/specialties/emergency-care?utm_campaign=corp_listings_mgmt&utm_source=google&utm_medium=business_listing,Codex-assisted evidence audit,2026-09-19T00:00:00Z
reference_status:competition_unit:clinic:333c947aefbb8237,Vidalia_GA_S,competition_unit:clinic:333c947aefbb8237,Neurosurgical and Spine Institute of Savannah,"1707 Meadows Ln E, Vidalia, GA 30474",30474.0,1,1,0,google:cid:10065444671621024899,Neurosurgical and Spine Institute of Savannah,Neurosurgeon,"1707 Meadows Ln E, Vidalia, GA 30474",https://neurologicalinstitute.com/,,False,0.0,True,False,False,1.0,True,False,active_reference_not_rediscovered|active_renamed_or_relocated_location|active_same_historical_location|historical_location_closed|historical_reference_out_of_scope|unresolved,historical_reference_out_of_scope,,"The historical place and saved Maps result identify Neurosurgical and Spine Institute of Savannah at 1707 Meadows Ln E, Vidalia, GA 30474. The returned category is Neurosurgeon, and the title and category do not identify a patient-facing dentist or included dental specialty under the frozen study taxonomy.",https://neurologicalinstitute.com/,Codex-assisted evidence audit,2026-09-19T00:00:00Z
reference_status:competition_unit:clinic:b52a1dc371b9e8d3,Vidalia_GA_S,competition_unit:clinic:b52a1dc371b9e8d3,Restore Wellness and Aesthetics,"1811 Manning Dr, Vidalia, GA 30474",30474.0,1,1,0,google:cid:4847329505054886628,Restore Wellness and Aesthetics,Skin care clinic,"1811 Manning Dr, Vidalia, GA 30474",,,False,0.0,True,False,False,1.0,True,False,active_reference_not_rediscovered|active_renamed_or_relocated_location|active_same_historical_location|historical_location_closed|historical_reference_out_of_scope|unresolved,historical_reference_out_of_scope,,"The historical place and saved Maps result identify Restore Wellness and Aesthetics at 1811 Manning Dr, Vidalia, GA 30474. The returned category is Skin care clinic, and the title and category do not identify a patient-facing dentist or included dental specialty under the frozen study taxonomy.",https://www.google.com/maps?cid=4847329505054886628,Codex-assisted evidence audit,2026-09-19T00:00:00Z
reference_status:competition_unit:address:d8c806e0199e0993,Vidalia_GA_S,competition_unit:address:d8c806e0199e0993,Spivey Orthopedic Clinic | Orthopedics | Vidalia,"3301 E 1st St Suite A, Vidalia, GA 30474",30474.0,4,1,0,google:cid:17678983923036140758,Spivey Orthopedic Clinic | Orthopedics | Vidalia,Orthopedic surgeon,"3301 E 1st St Ste A, Vidalia, GA 30474",http://www.spiveyortho.com/,,False,0.0,False,False,False,1.0,True,False,active_reference_not_rediscovered|active_renamed_or_relocated_location|active_same_historical_location|historical_location_closed|historical_reference_out_of_scope|unresolved,historical_reference_out_of_scope,,"The historical place and saved Maps result identify Spivey Orthopedic Clinic | Orthopedics | Vidalia at 3301 E 1st St Ste A, Vidalia, GA 30474. The returned category is Orthopedic surgeon, and the title and category do not identify a patient-facing dentist or included dental specialty under the frozen study taxonomy.",http://www.spiveyortho.com/,Codex-assisted evidence audit,2026-09-19T00:00:00Z
reference_status:competition_unit:clinic:cdfd0faf485cf6d8,Vidalia_GA_S,competition_unit:clinic:cdfd0faf485cf6d8,The Dahlia Event Center,"200 SW Main St, Vidalia, GA 30474",30474.0,1,1,0,google:cid:3963194763413217871,The Dahlia Event Center,Event venue,"200 SW Main St, Vidalia, GA 30474",https://thedahliaga.com/,,False,0.0,True,False,False,1.0,True,False,active_reference_not_rediscovered|active_renamed_or_relocated_location|active_same_historical_location|historical_location_closed|historical_reference_out_of_scope|unresolved,historical_reference_out_of_scope,,"The historical place and saved Maps result identify The Dahlia Event Center at 200 SW Main St, Vidalia, GA 30474. The returned category is Event venue, and the title and category do not identify a patient-facing dentist or included dental specialty under the frozen study taxonomy.",https://thedahliaga.com/,Codex-assisted evidence audit,2026-09-19T00:00:00Z
reference_status:competition_unit:clinic:8907c9166f450fa3,Vidalia_GA_S,competition_unit:clinic:8907c9166f450fa3,Tots To Teens Medical Center,"303 Harris Industrial Blvd Suite 5, Vidalia, GA 30474",30474.0,1,0,0,google:cid:5989961144140555777,Tots To Teens Medical Center,Pediatrician,"303 Harris Industrial Blvd Ste 5, Vidalia, GA 30474",http://www.totstoteensmedical.com/,,False,61.052,False,False,False,1.0,False,False,active_reference_not_rediscovered|active_renamed_or_relocated_location|active_same_historical_location|historical_location_closed|historical_reference_out_of_scope|unresolved,historical_reference_out_of_scope,,"The historical place and saved Maps result identify Tots To Teens Medical Center at 303 Harris Industrial Blvd Ste 5, Vidalia, GA 30474. The returned category is Pediatrician, and the title and category do not identify a patient-facing dentist or included dental specialty under the frozen study taxonomy.",http://www.totstoteensmedical.com/,Codex-assisted evidence audit,2026-09-19T00:00:00Z
reference_status:competition_unit:clinic:1dc87e0e3255dbf6,Vidalia_GA_S,competition_unit:clinic:1dc87e0e3255dbf6,Vidalia Auto Salvage,"2735 GA-297, Vidalia, GA 30474",30474.0,1,1,0,google:cid:5972637982986534884,Vidalia Auto Salvage,Auto parts store,"2735 GA-297, Vidalia, GA 30474",http://www.vidaliaautosalvageinc.com/,,False,0.0,True,False,False,1.0,True,False,active_reference_not_rediscovered|active_renamed_or_relocated_location|active_same_historical_location|historical_location_closed|historical_reference_out_of_scope|unresolved,historical_reference_out_of_scope,,"The historical place and saved Maps result identify Vidalia Auto Salvage at 2735 GA-297, Vidalia, GA 30474. The returned category is Auto parts store, and the title and category do not identify a patient-facing dentist or included dental specialty under the frozen study taxonomy.",http://www.vidaliaautosalvageinc.com/,Codex-assisted evidence audit,2026-09-19T00:00:00Z
reference_status:competition_unit:clinic:4c623f03e42c3062,Vidalia_GA_S,competition_unit:clinic:4c623f03e42c3062,Vidalia Central Associates LLC,"3119 E 1st St, Vidalia, GA 30474",30474.0,1,1,0,google:cid:5020652604345118704,Vidalia Central Associates LLC,Diagnostic center,"3119 E 1st St, Vidalia, GA 30474",,,False,0.0,True,False,False,1.0,True,False,active_reference_not_rediscovered|active_renamed_or_relocated_location|active_same_historical_location|historical_location_closed|historical_reference_out_of_scope|unresolved,historical_reference_out_of_scope,,"The historical place and saved Maps result identify Vidalia Central Associates LLC at 3119 E 1st St, Vidalia, GA 30474. The returned category is Diagnostic center, and the title and category do not identify a patient-facing dentist or included dental specialty under the frozen study taxonomy.",https://www.google.com/maps?cid=5020652604345118704,Codex-assisted evidence audit,2026-09-19T00:00:00Z
reference_status:competition_unit:clinic:4a800995f4d0f3b3,Vidalia_GA_S,competition_unit:clinic:4a800995f4d0f3b3,Vidalia Community Center,"107 Old Airport Rd, Vidalia, GA 30474",30474.0,1,1,0,google:cid:189432071750330028,Vidalia Community Center,Community center,"107 Old Airport Rd, Vidalia, GA 30474",https://www.vidaliaga.gov/parksrec/page/community-center-reservations,,False,0.0,True,False,False,1.0,True,False,active_reference_not_rediscovered|active_renamed_or_relocated_location|active_same_historical_location|historical_location_closed|historical_reference_out_of_scope|unresolved,historical_reference_out_of_scope,,"The historical place and saved Maps result identify Vidalia Community Center at 107 Old Airport Rd, Vidalia, GA 30474. The returned category is Community center, and the title and category do not identify a patient-facing dentist or included dental specialty under the frozen study taxonomy.",https://www.vidaliaga.gov/parksrec/page/community-center-reservations,Codex-assisted evidence audit,2026-09-19T00:00:00Z
reference_status:competition_unit:clinic:71add406244af3b3,Vidalia_GA_S,competition_unit:clinic:71add406244af3b3,Vidalia Farm Center,"756 GA-292, Vidalia, GA 30474",30474.0,1,1,0,google:cid:5144154752835424542,Vidalia Farm Center,Animal feed store,"756 GA-292, Vidalia, GA 30474",,,False,0.0,True,False,False,1.0,True,False,active_reference_not_rediscovered|active_renamed_or_relocated_location|active_same_historical_location|historical_location_closed|historical_reference_out_of_scope|unresolved,historical_reference_out_of_scope,,"The historical place and saved Maps result identify Vidalia Farm Center at 756 GA-292, Vidalia, GA 30474. The returned category is Animal feed store, and the title and category do not identify a patient-facing dentist or included dental specialty under the frozen study taxonomy.",https://www.google.com/maps?cid=5144154752835424542,Codex-assisted evidence audit,2026-09-19T00:00:00Z
reference_status:competition_unit:clinic:136df80c08a69e51,Vidalia_GA_S,competition_unit:clinic:136df80c08a69e51,Vidalia Gymnastic Center,"2606 Mathews Industrial Cir, Vidalia, GA 30474",30474.0,1,1,0,google:cid:10091853462505473551,Vidalia Gymnastic Center,Gymnastics center,"2606 Mathews Industrial Cir, Vidalia, GA 30474",,,False,0.0,True,False,False,1.0,True,False,active_reference_not_rediscovered|active_renamed_or_relocated_location|active_same_historical_location|historical_location_closed|historical_reference_out_of_scope|unresolved,historical_reference_out_of_scope,,"The historical place and saved Maps result identify Vidalia Gymnastic Center at 2606 Mathews Industrial Cir, Vidalia, GA 30474. The returned category is Gymnastics center, and the title and category do not identify a patient-facing dentist or included dental specialty under the frozen study taxonomy.",https://www.google.com/maps?cid=10091853462505473551,Codex-assisted evidence audit,2026-09-19T00:00:00Z
reference_status:competition_unit:clinic:c2847b0a11c87d72,Vidalia_GA_S,competition_unit:clinic:c2847b0a11c87d72,Vidalia Immediate and Primary Care,"122 Alice Coleman Dr, Vidalia, GA 30474",30474.0,1,1,0,google:cid:2217419671997734755,Vidalia Immediate and Primary Care,Urgent care center,"122 Alice Coleman Dr, Vidalia, GA 30474",https://www.vipcarevidalia.com/,,False,0.0,True,False,False,1.0,True,False,active_reference_not_rediscovered|active_renamed_or_relocated_location|active_same_historical_location|historical_location_closed|historical_reference_out_of_scope|unresolved,historical_reference_out_of_scope,,"The historical place and saved Maps result identify Vidalia Immediate and Primary Care at 122 Alice Coleman Dr, Vidalia, GA 30474. The returned category is Urgent care center, and the title and category do not identify a patient-facing dentist or included dental specialty under the frozen study taxonomy.",https://www.vipcarevidalia.com/,Codex-assisted evidence audit,2026-09-19T00:00:00Z
reference_status:competition_unit:clinic:935488649e084f65,Vidalia_GA_S,competition_unit:clinic:935488649e084f65,Vidalia Recreation Department,"102 Stockyard Rd, Vidalia, GA 30474",30474.0,1,1,0,google:cid:3506168681795015790,Vidalia Recreation Department,Recreation center,"102 Stockyard Rd, Vidalia, GA 30474",https://www.vidaliaga.gov/parksrec,,False,0.0,True,False,False,1.0,True,False,active_reference_not_rediscovered|active_renamed_or_relocated_location|active_same_historical_location|historical_location_closed|historical_reference_out_of_scope|unresolved,historical_reference_out_of_scope,,"The historical place and saved Maps result identify Vidalia Recreation Department at 102 Stockyard Rd, Vidalia, GA 30474. The returned category is Recreation center, and the title and category do not identify a patient-facing dentist or included dental specialty under the frozen study taxonomy.",https://www.vidaliaga.gov/parksrec,Codex-assisted evidence audit,2026-09-19T00:00:00Z
reference_status:competition_unit:clinic:ab4d8127c9ebe25d,Vidalia_GA_S,competition_unit:clinic:ab4d8127c9ebe25d,Vidalia Recreation Park Gym,"406 W 3rd St, Vidalia, GA 30474",30474.0,2,1,0,google:cid:433014408956347718,Vidalia Recreation Park Gym,Recreation center,"406 W 3rd St, Vidalia, GA 30474",,,False,0.0,True,False,False,1.0,True,False,active_reference_not_rediscovered|active_renamed_or_relocated_location|active_same_historical_location|historical_location_closed|historical_reference_out_of_scope|unresolved,historical_reference_out_of_scope,,"The historical place and saved Maps result identify Vidalia Recreation Park Gym at 406 W 3rd St, Vidalia, GA 30474. The returned category is Recreation center, and the title and category do not identify a patient-facing dentist or included dental specialty under the frozen study taxonomy.",https://www.vidaliaga.gov/parksrec,Codex-assisted evidence audit,2026-09-19T00:00:00Z
reference_status:competition_unit:clinic:90c1dd5a300af284,Vidalia_GA_S,competition_unit:clinic:90c1dd5a300af284,Vidalia Regional Cancer Center,"One Meadows Ln, Vidalia, GA 30474",30474.0,3,1,0,google:cid:3222719679100066235,Vidalia Regional Cancer Center,Oncologist,"One Meadows Ln, Vidalia, GA 30474",https://meadowshealthcancercenter.com/,,False,0.0,True,False,False,1.0,True,False,active_reference_not_rediscovered|active_renamed_or_relocated_location|active_same_historical_location|historical_location_closed|historical_reference_out_of_scope|unresolved,historical_reference_out_of_scope,,"The historical place and saved Maps result identify Vidalia Regional Cancer Center at One Meadows Ln, Vidalia, GA 30474. The returned category is Oncologist, and the title and category do not identify a patient-facing dentist or included dental specialty under the frozen study taxonomy.",https://meadowshealthcancercenter.com/,Codex-assisted evidence audit,2026-09-19T00:00:00Z
reference_status:competition_unit:clinic:98628de4098f4dad,Vidalia_GA_S,competition_unit:clinic:98628de4098f4dad,Vidalia Women's Center,"101 Harris Industrial Blvd # C, Vidalia, GA 30474",30474.0,2,2,0,google:cid:15743872561267434689,Vidalia Women's Center,Women's health clinic,"101 Harris Industrial Blvd # C, Vidalia, GA 30474",https://meadowsphysicians.com/locations/womens-care-harris-industrial/,,False,0.0,True,False,False,1.0,True,False,active_reference_not_rediscovered|active_renamed_or_relocated_location|active_same_historical_location|historical_location_closed|historical_reference_out_of_scope|unresolved,historical_reference_out_of_scope,,"The historical place and saved Maps result identify Vidalia Women's Center at 101 Harris Industrial Blvd # C, Vidalia, GA 30474. The returned category is Women's health clinic, and the title and category do not identify a patient-facing dentist or included dental specialty under the frozen study taxonomy.",https://meadowsphysicians.com/locations/womens-care-harris-industrial/,Codex-assisted evidence audit,2026-09-19T00:00:00Z
