domain_audit_sequence,normalized_source_domain,profile_count,review_block_count,market_count,markets,titles,observed_categories,website_urls,site_search_url,reuse_boundary
1,www.institute.org,5,1,1,NYC_NY_L,Family Health Center of Harlem || Stevenson Family Health Center || The Institute for Family Health at Westchester Square (Open for telehealth) || Urban Horizons Family Health Center || Walton Family Health Center,Medical clinic,http://www.institute.org/ || http://www.institute.org/access,https://www.google.com/search?q=site%3Awww.institute.org+dental+dentist+patients+locations,Domain evidence may be reused as a navigation aid only; each exact profile and address still needs a supported decision.
2,opendoorhealth.com,4,2,1,Eureka_CA_S,Open Door Member Services Department || Redwood Community Health Center || Telehealth & Visiting Specialist Center || Open door clinic,Community health center || Medical clinic,http://opendoorhealth.com/opendoor/?page_id=458 || http://opendoorhealth.com/opendoor/?page_id=6181 || http://opendoorhealth.com/opendoor/locations/mobile-health-services/ || https://opendoorhealth.com/,https://www.google.com/search?q=site%3Aopendoorhealth.com+dental+dentist+patients+locations,Domain evidence may be reused as a navigation aid only; each exact profile and address still needs a supported decision.
3,www.mhhc.org,4,2,1,NYC_NY_L,MHHC at St. Ann's || MHHC at Vanguard || MHHC at Walton || Morris Heights Health Center,Medical clinic || Medical Center,http://www.mhhc.org/ || https://www.mhhc.org/,https://www.google.com/search?q=site%3Awww.mhhc.org+dental+dentist+patients+locations,Domain evidence may be reused as a navigation aid only; each exact profile and address still needs a supported decision.
4,www.k9loft.com,3,3,1,LA_CA_L,K9 LOFT || K9 Loft,Pet boarding service || Pet groomer || Kennel,http://www.k9loft.com/,https://www.google.com/search?q=site%3Awww.k9loft.com+dental+dentist+patients+locations,Domain evidence may be reused as a navigation aid only; each exact profile and address still needs a supported decision.
5,roadsfoundation.org,3,2,1,LA_CA_L,ROADS Community Clinic - Compton || ROADS Community Clinic - Lynwood || ROADS Community Clinic - East Long Beach,Community health center || Medical clinic,https://roadsfoundation.org/locations/roads-community-clinic-compton/ || https://roadsfoundation.org/,https://www.google.com/search?q=site%3Aroadsfoundation.org+dental+dentist+patients+locations,Domain evidence may be reused as a navigation aid only; each exact profile and address still needs a supported decision.
6,www.centurymedicaldental.com,3,2,1,NYC_NY_L,"Century Medical & Dental Center | Brooklyn, Gravesend || Century Medical & Dental Center | South Bronx || Century Medical & Dental Center | Brooklyn, Downtown",Medical Center || Medical clinic,https://www.centurymedicaldental.com/gravesend-brooklyn-ny-11223/ || https://www.centurymedicaldental.com/bronx-ny-10455/ || https://www.centurymedicaldental.com/downtown-brooklyn-ny-11201/,https://www.google.com/search?q=site%3Awww.centurymedicaldental.com+dental+dentist+patients+locations,Domain evidence may be reused as a navigation aid only; each exact profile and address still needs a supported decision.
7,www.chnnyc.org,3,2,1,NYC_NY_L,Community Healthcare Network – Williamsburg || Community Healthcare Network- Sutphin Boulevard || Community Healthcare Network – Lower East Side / Catherine M. Abate,Medical clinic || Community health center,https://www.chnnyc.org/williamsburg/ || https://www.chnnyc.org/sutphin-blvd-health-center/ || https://www.chnnyc.org/lower-east-side-center/,https://www.google.com/search?q=site%3Awww.chnnyc.org+dental+dentist+patients+locations,Domain evidence may be reused as a navigation aid only; each exact profile and address still needs a supported decision.
8,www.sabancommunityclinic.org,3,2,1,LA_CA_L,Saban Community Clinic || Saban Community Clinic - Virgil || The Wallis Annenberg Children & Family Health Center at Hollywood Wilshire Health Center,Community health center || Mental health clinic,https://www.sabancommunityclinic.org/ || https://www.sabancommunityclinic.org/locations/virgil-family-health-center/ || http://www.sabancommunityclinic.org/,https://www.google.com/search?q=site%3Awww.sabancommunityclinic.org+dental+dentist+patients+locations,Domain evidence may be reused as a navigation aid only; each exact profile and address still needs a supported decision.
9,smiledirectclub.com,3,1,2,Atlanta_GA_L || NYC_NY_L,Smile Direct Club,Health and beauty shop,https://smiledirectclub.com/location?shop=Atlanta%20-%20Buckhead%20Lenox&shopId=4a3982e2-1c0d-475f-8ffd-b33206a658e7 || https://smiledirectclub.com/smileshops/flat-iron-nyc/ || https://smiledirectclub.com/smileshops/brooklyn-downtown/,https://www.google.com/search?q=site%3Asmiledirectclub.com+dental+dentist+patients+locations,Domain evidence may be reused as a navigation aid only; each exact profile and address still needs a supported decision.
10,www.alas-csra.org,3,1,1,Augusta_GA_L,ALAS Free Women's Clinic || Centro Médico || Clínica Latina,Free clinic,https://www.alas-csra.org/womens-clinic || http://www.alas-csra.org/ || http://www.alas-csra.org/clinica-latina-1,https://www.google.com/search?q=site%3Awww.alas-csra.org+dental+dentist+patients+locations,Domain evidence may be reused as a navigation aid only; each exact profile and address still needs a supported decision.
11,www.eisnerhealth.org,3,1,1,LA_CA_L,Eisner Health - Downtown Los Angeles || Eisner Health - Lynwood || Eisner Health - Sherman Oaks,Medical clinic,http://www.eisnerhealth.org/,https://www.google.com/search?q=site%3Awww.eisnerhealth.org+dental+dentist+patients+locations,Domain evidence may be reused as a navigation aid only; each exact profile and address still needs a supported decision.
12,www.tohelpeveryone.org,3,1,1,LA_CA_L,To Help Everyone - La Brea Health Center || To Help Everyone - Lennox Health Center || To Help Everyone - Western Health Center,Medical clinic,https://www.tohelpeveryone.org/,https://www.google.com/search?q=site%3Awww.tohelpeveryone.org+dental+dentist+patients+locations,Domain evidence may be reused as a navigation aid only; each exact profile and address still needs a supported decision.
13,cchccenters.org,2,2,1,LA_CA_L,Comprehensive Community Health Centers - CCHC Glendale || Comprehensive Community Health Centers - Eagle Rock,Medical clinic || Non-profit organization,https://cchccenters.org/,https://www.google.com/search?q=site%3Acchccenters.org+dental+dentist+patients+locations,Domain evidence may be reused as a navigation aid only; each exact profile and address still needs a supported decision.
14,sjch.org,2,2,1,LA_CA_L,St. John’s Community Health - Leavey-OB Clinic || St. John’s Community Health Warner Traynham Clinic,Family planning center || Medical clinic,http://sjch.org/find-a-clinic/ || https://sjch.org/,https://www.google.com/search?q=site%3Asjch.org+dental+dentist+patients+locations,Domain evidence may be reused as a navigation aid only; each exact profile and address still needs a supported decision.
15,unitedindianhealthservices.org,2,2,1,Eureka_CA_S,Eureka Health Center- United Indian Health Services || United Indian Health Services - Downtown Eureka,Medical clinic || Public health department,http://unitedindianhealthservices.org/ || https://unitedindianhealthservices.org/,https://www.google.com/search?q=site%3Aunitedindianhealthservices.org+dental+dentist+patients+locations,Domain evidence may be reused as a navigation aid only; each exact profile and address still needs a supported decision.
16,www.altamed.org,2,2,1,LA_CA_L,"AltaMed Medical and Dental Group - Pasadena, Fair Oaks || AltaMed Medical and Dental Group - South Gate",Medical clinic || Medical group,https://www.altamed.org/ || http://www.altamed.org/,https://www.google.com/search?q=site%3Awww.altamed.org+dental+dentist+patients+locations,Domain evidence may be reused as a navigation aid only; each exact profile and address still needs a supported decision.
17,www.childrensaidnyc.org,2,2,1,NYC_NY_L,Children's Aid - Dunlevy Milbank Center || Children's Aid: Bronx Health Center,Non-profit organization || Medical Center,http://www.childrensaidnyc.org/programs/location/dunlevy-milbank-center || http://www.childrensaidnyc.org/health,https://www.google.com/search?q=site%3Awww.childrensaidnyc.org+dental+dentist+patients+locations,Domain evidence may be reused as a navigation aid only; each exact profile and address still needs a supported decision.
18,www.ecmc.edu,2,2,1,Buffalo_NY_L,ECMC Center for Dental Care - Buffalo General Medical Center || ECMC Health Campus,Medical clinic || Medical Center,https://www.ecmc.edu/health-services-and-doctors/outpatient-specialty-clinics/dental-clinic/ || http://www.ecmc.edu/,https://www.google.com/search?q=site%3Awww.ecmc.edu+dental+dentist+patients+locations,Domain evidence may be reused as a navigation aid only; each exact profile and address still needs a supported decision.
19,www.gradyhealth.org,2,2,1,Atlanta_GA_L,Grady Health System || Ponce De Leon Center,Hospital || STD clinic,https://www.gradyhealth.org/?utm_source=gmb&utm_medium=organic&utm_campaign=sitelink&utm_id=grady || https://www.gradyhealth.org/locations/ponce-de-leon-center/?utm_source=gmb&utm_medium=organic&utm_campaign=sitelink&utm_id=ponce,https://www.google.com/search?q=site%3Awww.gradyhealth.org+dental+dentist+patients+locations,Domain evidence may be reused as a navigation aid only; each exact profile and address still needs a supported decision.
20,www.ochbuffalo.org,2,2,1,Buffalo_NY_L,Oishei Healthy Kids || Pediatric Dental – Golisano Children’s Buffalo Outpatient Center (Conventus),Medical Center || Medical clinic,https://www.ochbuffalo.org/care-treatment/Oishei-Healthy-Kids-Health-Home || https://www.ochbuffalo.org/care-treatment/Craniofacial-Center-of-Western-New-York/,https://www.google.com/search?q=site%3Awww.ochbuffalo.org+dental+dentist+patients+locations,Domain evidence may be reused as a navigation aid only; each exact profile and address still needs a supported decision.
21,www.pacific.edu,2,2,1,SanFrancisco_CA_L,"University of Pacific (UOP), San Francisco || University of the Pacific, Arthur A. Dugoni School of Dentistry",Graduate school || University,http://www.pacific.edu/San-Francisco-Campus || http://www.pacific.edu/dental,https://www.google.com/search?q=site%3Awww.pacific.edu+dental+dentist+patients+locations,Domain evidence may be reused as a navigation aid only; each exact profile and address still needs a supported decision.
22,aplahealth.org,2,1,1,LA_CA_L,"APLA Health Center, Long Beach || APLA Health, Gleicher/Chen Health Center, Baldwin Hills",Medical clinic,https://aplahealth.org/locations/apla-health-center-long-beach/ || https://aplahealth.org/locations/gleicher-chen-health-center-baldwin-hills/,https://www.google.com/search?q=site%3Aaplahealth.org+dental+dentist+patients+locations,Domain evidence may be reused as a navigation aid only; each exact profile and address still needs a supported decision.
23,jwchinstitute.org,2,1,1,LA_CA_L,Jwch Clinic || Wesley Health Centers - Weingart Clinic,Medical clinic,http://jwchinstitute.org/ || https://jwchinstitute.org/,https://www.google.com/search?q=site%3Ajwchinstitute.org+dental+dentist+patients+locations,Domain evidence may be reused as a navigation aid only; each exact profile and address still needs a supported decision.
24,serenitycarehealthgroup.org,2,1,1,LA_CA_L,"Serenity Care Health Group - Atlantic Adult Clinic || Serenity Care Health Group, FQHC-LAL",Community health center,https://serenitycarehealthgroup.org/atlantic-adult-clinic/?utm_source=gmb&utm_medium=organic || https://serenitycarehealthgroup.org/?utm_source=gmb&utm_medium=organic,https://www.google.com/search?q=site%3Aserenitycarehealthgroup.org+dental+dentist+patients+locations,Domain evidence may be reused as a navigation aid only; each exact profile and address still needs a supported decision.
25,www.advantagecaredtc.org,2,1,1,NYC_NY_L,"Advantage Care Health Centers || Advantage Care Health Centers, Brookville, Freeport",Community health center,http://www.advantagecaredtc.org/,https://www.google.com/search?q=site%3Awww.advantagecaredtc.org+dental+dentist+patients+locations,Domain evidence may be reused as a navigation aid only; each exact profile and address still needs a supported decision.
26,www.evergreenhs.org,2,1,1,Buffalo_NY_L,Evergreen Health,Community health center,https://www.evergreenhs.org/ || http://www.evergreenhs.org/,https://www.google.com/search?q=site%3Awww.evergreenhs.org+dental+dentist+patients+locations,Domain evidence may be reused as a navigation aid only; each exact profile and address still needs a supported decision.
27,www.mlkhealthcenter.com,2,1,1,NYC_NY_L,BronxCare - Ogden Family Medical and Dental || BronxCare Third Avenue Medical and Dental Practice,Medical clinic,https://www.mlkhealthcenter.com/locations/bronxcare-ogden-family-medical-and-dental/ || https://www.mlkhealthcenter.com/,https://www.google.com/search?q=site%3Awww.mlkhealthcenter.com+dental+dentist+patients+locations,Domain evidence may be reused as a navigation aid only; each exact profile and address still needs a supported decision.
28,www.mountsinai.org,2,1,1,NYC_NY_L,Jack Martin Fund Clinic || Mount Sinai Queens-Family Health,Medical clinic,http://www.mountsinai.org/patient-care/service-areas/infectious-diseases/hiv-aids/jack-martin-fund-clinic || https://www.mountsinai.org/locations/queens/facilities/medical/family-health-associates?y_source=1_MjAxMjU1OTI0OC03MTUtbG9jYXRpb24ud2Vic2l0ZQ%3D%3D,https://www.google.com/search?q=site%3Awww.mountsinai.org+dental+dentist+patients+locations,Domain evidence may be reused as a navigation aid only; each exact profile and address still needs a supported decision.
29,www.nytmj.com,2,1,1,NYC_NY_L,"Dr. Donald Tanenbaum || New York TMJ & Orofacial Pain (NY, NY 5th Ave)",Pain management physician,https://www.nytmj.com/?utm_source=local_directory&utm_medium=referral&utm_campaign=directory-listing || https://www.nytmj.com/?utm_source=gbp&utm_medium=organic,https://www.google.com/search?q=site%3Awww.nytmj.com+dental+dentist+patients+locations,Domain evidence may be reused as a navigation aid only; each exact profile and address still needs a supported decision.
30,www.uchcbronx.org,2,1,1,NYC_NY_L,Union Community Health Center - (188th St.) || Union Community Health Center - (2021 Grand Concourse),Community health center,http://www.uchcbronx.org/,https://www.google.com/search?q=site%3Awww.uchcbronx.org+dental+dentist+patients+locations,Domain evidence may be reused as a navigation aid only; each exact profile and address still needs a supported decision.
31,advancedmedicalanddental.com,1,1,1,NYC_NY_L,Advanced Medical & Dental,Medical clinic,http://advancedmedicalanddental.com/,https://www.google.com/search?q=site%3Aadvancedmedicalanddental.com+dental+dentist+patients+locations,Domain evidence may be reused as a navigation aid only; each exact profile and address still needs a supported decision.
32,bibbfamilypractice.com,1,1,1,Macon_GA_M,"Bibb Family Practice Associates, PC",Medical clinic,http://bibbfamilypractice.com/,https://www.google.com/search?q=site%3Abibbfamilypractice.com+dental+dentist+patients+locations,Domain evidence may be reused as a navigation aid only; each exact profile and address still needs a supported decision.
33,charlesevanscenter.org,1,1,1,NYC_NY_L,CEC Health Care - Glen Cove,Medical clinic,http://charlesevanscenter.org/,https://www.google.com/search?q=site%3Acharlesevanscenter.org+dental+dentist+patients+locations,Domain evidence may be reused as a navigation aid only; each exact profile and address still needs a supported decision.
34,childrenshospitalnh.org,1,1,1,Macon_GA_M,Navicent Health,Medical clinic,http://childrenshospitalnh.org/services-centers/autism-developmental-center/,https://www.google.com/search?q=site%3Achildrenshospitalnh.org+dental+dentist+patients+locations,Domain evidence may be reused as a navigation aid only; each exact profile and address still needs a supported decision.
35,coastlanddental.com,1,1,1,LA_CA_L,Artur Arkelakyan,Medical clinic,https://coastlanddental.com/about/dr-artur-arkelakyan/,https://www.google.com/search?q=site%3Acoastlanddental.com+dental+dentist+patients+locations,Domain evidence may be reused as a navigation aid only; each exact profile and address still needs a supported decision.
36,comphc.org,1,1,1,LA_CA_L,Comprehensive Health Care,Home health care service,https://comphc.org/,https://www.google.com/search?q=site%3Acomphc.org+dental+dentist+patients+locations,Domain evidence may be reused as a navigation aid only; each exact profile and address still needs a supported decision.
37,dch.georgia.gov,1,1,1,Atlanta_GA_L,Georgia Department of Community Health,Public health department,http://dch.georgia.gov/,https://www.google.com/search?q=site%3Adch.georgia.gov+dental+dentist+patients+locations,Domain evidence may be reused as a navigation aid only; each exact profile and address still needs a supported decision.
38,dental.nyu.edu,1,1,1,NYC_NY_L,NYUDentalUrgentCareCtr,Academic department,https://dental.nyu.edu/patientcare/emergency-services-urgent-care.html,https://www.google.com/search?q=site%3Adental.nyu.edu+dental+dentist+patients+locations,Domain evidence may be reused as a navigation aid only; each exact profile and address still needs a supported decision.
39,dentximaging.com,1,1,1,LA_CA_L,Dent X Imaging Center,X-ray lab,https://dentximaging.com/,https://www.google.com/search?q=site%3Adentximaging.com+dental+dentist+patients+locations,Domain evidence may be reused as a navigation aid only; each exact profile and address still needs a supported decision.
40,dermatologyassociatesga.com,1,1,1,Vidalia_GA_S,Dermatology Associates,Skin care clinic,https://dermatologyassociatesga.com/,https://www.google.com/search?q=site%3Adermatologyassociatesga.com+dental+dentist+patients+locations,Domain evidence may be reused as a navigation aid only; each exact profile and address still needs a supported decision.
41,ecphd.com,1,1,1,Augusta_GA_L,Richmond County Health Department,Public health department,http://ecphd.com/counties/richmond-county-health-department/,https://www.google.com/search?q=site%3Aecphd.com+dental+dentist+patients+locations,Domain evidence may be reused as a navigation aid only; each exact profile and address still needs a supported decision.
42,fhcga.org,1,1,1,Atlanta_GA_L,"The Family Health Centers of Georgia, Inc.",Medical Center,http://fhcga.org/?utm_source=GMBSocialClimb&utm_medium=TheFamilyHealthCentersofGeorgia%2CInc.,https://www.google.com/search?q=site%3Afhcga.org+dental+dentist+patients+locations,Domain evidence may be reused as a navigation aid only; each exact profile and address still needs a supported decision.
43,hannafacejaw.com,1,1,1,NYC_NY_L,Hanna Face and Jaw,Surgical center,https://hannafacejaw.com/,https://www.google.com/search?q=site%3Ahannafacejaw.com+dental+dentist+patients+locations,Domain evidence may be reused as a navigation aid only; each exact profile and address still needs a supported decision.
44,harlemunited.org,1,1,1,NYC_NY_L,Harlem United,Community health center,http://harlemunited.org/,https://www.google.com/search?q=site%3Aharlemunited.org+dental+dentist+patients+locations,Domain evidence may be reused as a navigation aid only; each exact profile and address still needs a supported decision.
45,healatlanta.org,1,1,1,Atlanta_GA_L,Healing Community Center,Community health center,https://healatlanta.org/,https://www.google.com/search?q=site%3Ahealatlanta.org+dental+dentist+patients+locations,Domain evidence may be reused as a navigation aid only; each exact profile and address still needs a supported decision.
46,health.gsu.edu,1,1,1,Atlanta_GA_L,Georgia State University Student Clinic,Medical clinic,http://health.gsu.edu/,https://www.google.com/search?q=site%3Ahealth.gsu.edu+dental+dentist+patients+locations,Domain evidence may be reused as a navigation aid only; each exact profile and address still needs a supported decision.
47,lacasadesalud.org,1,1,1,NYC_NY_L,Ramon Velez Health Center,Medical clinic,https://lacasadesalud.org/,https://www.google.com/search?q=site%3Alacasadesalud.org+dental+dentist+patients+locations,Domain evidence may be reused as a navigation aid only; each exact profile and address still needs a supported decision.
48,leedenturelaboratory.com,1,1,1,Atlanta_GA_L,Lee Denture Lab,Denture care center,http://leedenturelaboratory.com/,https://www.google.com/search?q=site%3Aleedenturelaboratory.com+dental+dentist+patients+locations,Domain evidence may be reused as a navigation aid only; each exact profile and address still needs a supported decision.
49,livewellbuffalo.com,1,1,1,Buffalo_NY_L,"Buffalo Family Chiropractic Wellness, P.C.",Chiropractor,https://livewellbuffalo.com/,https://www.google.com/search?q=site%3Alivewellbuffalo.com+dental+dentist+patients+locations,Domain evidence may be reused as a navigation aid only; each exact profile and address still needs a supported decision.
50,longislanddenturecenter.com,1,1,1,NYC_NY_L,Long Island Denture Center,Denture care center,https://longislanddenturecenter.com/,https://www.google.com/search?q=site%3Alongislanddenturecenter.com+dental+dentist+patients+locations,Domain evidence may be reused as a navigation aid only; each exact profile and address still needs a supported decision.
51,lyon-martin.org,1,1,1,SanFrancisco_CA_L,Lyon-Martin Community Health Services,Medical clinic,http://lyon-martin.org/,https://www.google.com/search?q=site%3Alyon-martin.org+dental+dentist+patients+locations,Domain evidence may be reused as a navigation aid only; each exact profile and address still needs a supported decision.
52,maconholistic.com,1,1,1,Macon_GA_M,Macon Holistic,Acupuncture clinic,http://maconholistic.com/,https://www.google.com/search?q=site%3Amaconholistic.com+dental+dentist+patients+locations,Domain evidence may be reused as a navigation aid only; each exact profile and address still needs a supported decision.
53,meadowparkrehab.com,1,1,1,NYC_NY_L,Meadow Park Rehab & Healthcare,Nursing home,http://meadowparkrehab.com/,https://www.google.com/search?q=site%3Ameadowparkrehab.com+dental+dentist+patients+locations,Domain evidence may be reused as a navigation aid only; each exact profile and address still needs a supported decision.
54,mendocinocoastclinics.org,1,1,1,FortBragg_CA_S,"Mendocino Coast Clinics, Inc",Medical clinic,http://mendocinocoastclinics.org/,https://www.google.com/search?q=site%3Amendocinocoastclinics.org+dental+dentist+patients+locations,Domain evidence may be reused as a navigation aid only; each exact profile and address still needs a supported decision.
55,mercyatlanta.org,1,1,1,Atlanta_GA_L,Mercy Care at Gateway Center,Medical clinic,http://mercyatlanta.org/LOCATION_GATEWAY_CENTER,https://www.google.com/search?q=site%3Amercyatlanta.org+dental+dentist+patients+locations,Domain evidence may be reused as a navigation aid only; each exact profile and address still needs a supported decision.
56,mirmakmin.com,1,1,1,Augusta_GA_L,Druid Park Community Health Center,Medical clinic,https://mirmakmin.com/,https://www.google.com/search?q=site%3Amirmakmin.com+dental+dentist+patients+locations,Domain evidence may be reused as a navigation aid only; each exact profile and address still needs a supported decision.
57,newyorkfamilydentistry.com,1,1,1,NYC_NY_L,Dr. Lawrence Weiss,Medical clinic,https://newyorkfamilydentistry.com/about_us/doctor_weiss/,https://www.google.com/search?q=site%3Anewyorkfamilydentistry.com+dental+dentist+patients+locations,Domain evidence may be reused as a navigation aid only; each exact profile and address still needs a supported decision.
58,nysleepsolutions.com,1,1,1,NYC_NY_L,New York Sleep Solutions,Sleep clinic,https://nysleepsolutions.com/,https://www.google.com/search?q=site%3Anysleepsolutions.com+dental+dentist+patients+locations,Domain evidence may be reused as a navigation aid only; each exact profile and address still needs a supported decision.
59,nyulangone.org,1,1,1,NYC_NY_L,NYU Lutheran Family Health Centers Brooklyn-Chinese,Medical clinic,https://nyulangone.org/locations/seventh-avenue-family-health-center-at-nyu-langone,https://www.google.com/search?q=site%3Anyulangone.org+dental+dentist+patients+locations,Domain evidence may be reused as a navigation aid only; each exact profile and address still needs a supported decision.
60,odahealth.org,1,1,1,NYC_NY_L,ODA Crown Heights,Community health center,https://odahealth.org/locations/oda-crown-heights.html,https://www.google.com/search?q=site%3Aodahealth.org+dental+dentist+patients+locations,Domain evidence may be reused as a navigation aid only; each exact profile and address still needs a supported decision.
61,onehansonplace.nyc,1,1,1,NYC_NY_L,One Hanson Place,Condominium complex,https://onehansonplace.nyc/,https://www.google.com/search?q=site%3Aonehansonplace.nyc+dental+dentist+patients+locations,Domain evidence may be reused as a navigation aid only; each exact profile and address still needs a supported decision.
62,pediatrics.northwell.edu,1,1,1,NYC_NY_L,Center for Hemifacial Microsomia and Ear Deformities,Pediatric ophthalmologist,https://pediatrics.northwell.edu/departments-services/center-for-hemifacial-microsomia-ear-deformities?utm_source=provider_listing&utm_medium=partner&utm_campaign=yext,https://www.google.com/search?q=site%3Apediatrics.northwell.edu+dental+dentist+patients+locations,Domain evidence may be reused as a navigation aid only; each exact profile and address still needs a supported decision.
63,phdistrict2.org,1,1,1,Toccoa_GA_S,Stephens County Health Department,Health,https://phdistrict2.org/stephens-county-health-department/,https://www.google.com/search?q=site%3Aphdistrict2.org+dental+dentist+patients+locations,Domain evidence may be reused as a navigation aid only; each exact profile and address still needs a supported decision.
64,puremakeupstore.com,1,1,1,Eureka_CA_S,Pure Makeup Studio & Med Spa,Make-up artist,http://puremakeupstore.com/,https://www.google.com/search?q=site%3Apuremakeupstore.com+dental+dentist+patients+locations,Domain evidence may be reused as a navigation aid only; each exact profile and address still needs a supported decision.
65,rambamfamilyhealth.org,1,1,1,NYC_NY_L,Rambam Family Health Center,Medical clinic,https://rambamfamilyhealth.org/,https://www.google.com/search?q=site%3Arambamfamilyhealth.org+dental+dentist+patients+locations,Domain evidence may be reused as a navigation aid only; each exact profile and address still needs a supported decision.
66,refuahfamilydental.com,1,1,1,NYC_NY_L,Dr. Omid Arastehmanesh,Medical clinic,https://refuahfamilydental.com/,https://www.google.com/search?q=site%3Arefuahfamilydental.com+dental+dentist+patients+locations,Domain evidence may be reused as a navigation aid only; each exact profile and address still needs a supported decision.
67,restfulsleepsolution.com,1,1,1,NYC_NY_L,Restful Sleep Solution,Sleep clinic,https://restfulsleepsolution.com/contact-us,https://www.google.com/search?q=site%3Arestfulsleepsolution.com+dental+dentist+patients+locations,Domain evidence may be reused as a navigation aid only; each exact profile and address still needs a supported decision.
68,specials.zendyhealth.com,1,1,1,LA_CA_L,ZendyHealth,Medical clinic,https://specials.zendyhealth.com/hsabank/,https://www.google.com/search?q=site%3Aspecials.zendyhealth.com+dental+dentist+patients+locations,Domain evidence may be reused as a navigation aid only; each exact profile and address still needs a supported decision.
69,stepanyansurgical.com,1,1,1,LA_CA_L,Stepanyan Surgical Arts Center,Plastic surgeon,https://stepanyansurgical.com/,https://www.google.com/search?q=site%3Astepanyansurgical.com+dental+dentist+patients+locations,Domain evidence may be reused as a navigation aid only; each exact profile and address still needs a supported decision.
70,tccliniic.com,1,1,1,LA_CA_L,TC Clinic,Medical clinic,http://tccliniic.com/family-clinic/venice-family-clinic-locations-hrs-directions.html,https://www.google.com/search?q=site%3Atccliniic.com+dental+dentist+patients+locations,Domain evidence may be reused as a navigation aid only; each exact profile and address still needs a supported decision.
71,unicarechc.org,1,1,1,LA_CA_L,Unicare Community Health Center - Los Angeles,Medical clinic,https://unicarechc.org/,https://www.google.com/search?q=site%3Aunicarechc.org+dental+dentist+patients+locations,Domain evidence may be reused as a navigation aid only; each exact profile and address still needs a supported decision.
72,uniform.land,1,1,1,LA_CA_L,Uniformland,Uniform store,http://uniform.land/,https://www.google.com/search?q=site%3Auniform.land+dental+dentist+patients+locations,Domain evidence may be reused as a navigation aid only; each exact profile and address still needs a supported decision.
73,usoncology.com,1,1,1,LA_CA_L,Vantage Oncology,Cancer treatment center,https://usoncology.com/news/vantage-oncologys-50-centers-and-more-than-350-affiliated-physicians-join-the-us-oncology-network/,https://www.google.com/search?q=site%3Ausoncology.com+dental+dentist+patients+locations,Domain evidence may be reused as a navigation aid only; each exact profile and address still needs a supported decision.
74,valleycommunityhealthcare.org,1,1,1,LA_CA_L,Valley Community Healthcare,Medical clinic,https://valleycommunityhealthcare.org/,https://www.google.com/search?q=site%3Avalleycommunityhealthcare.org+dental+dentist+patients+locations,Domain evidence may be reused as a navigation aid only; each exact profile and address still needs a supported decision.
75,walmarthealth.com,1,1,1,Macon_GA_M,Walmart Health Center,Medical clinic,https://walmarthealth.com/,https://www.google.com/search?q=site%3Awalmarthealth.com+dental+dentist+patients+locations,Domain evidence may be reused as a navigation aid only; each exact profile and address still needs a supported decision.
76,wesleyhealthcenters.com,1,1,1,LA_CA_L,Wesley Health Clinic,Medical group,http://wesleyhealthcenters.com/,https://www.google.com/search?q=site%3Awesleyhealthcenters.com+dental+dentist+patients+locations,Domain evidence may be reused as a navigation aid only; each exact profile and address still needs a supported decision.
77,whitefoord.org,1,1,1,Atlanta_GA_L,Whitefoord Health Center,Medical clinic,http://whitefoord.org/,https://www.google.com/search?q=site%3Awhitefoord.org+dental+dentist+patients+locations,Domain evidence may be reused as a navigation aid only; each exact profile and address still needs a supported decision.
78,wmchealthcenter.org,1,1,1,LA_CA_L,White Memorial Community Health Center - Plaza III,Medical clinic,https://wmchealthcenter.org/contact/,https://www.google.com/search?q=site%3Awmchealthcenter.org+dental+dentist+patients+locations,Domain evidence may be reused as a navigation aid only; each exact profile and address still needs a supported decision.
79,www.100bmla.net,1,1,1,LA_CA_L,100 Black Men of Los Angeles,Non-profit organization,https://www.100bmla.net/,https://www.google.com/search?q=site%3Awww.100bmla.net+dental+dentist+patients+locations,Domain evidence may be reused as a navigation aid only; each exact profile and address still needs a supported decision.
80,www.addabbo.org,1,1,1,NYC_NY_L,"The Joseph P. Addabbo Family Health Center, Inc.",Medical Center,http://www.addabbo.org/,https://www.google.com/search?q=site%3Awww.addabbo.org+dental+dentist+patients+locations,Domain evidence may be reused as a navigation aid only; each exact profile and address still needs a supported decision.
81,www.adirondackhealth.org,1,1,1,SaranacLake_NY_S,Adirondack Health,Medical clinic,http://www.adirondackhealth.org/,https://www.google.com/search?q=site%3Awww.adirondackhealth.org+dental+dentist+patients+locations,Domain evidence may be reused as a navigation aid only; each exact profile and address still needs a supported decision.
82,www.adventisthealth.org,1,1,1,FortBragg_CA_S,Adventist Health Mendocino Coast,Hospital,https://www.adventisthealth.org/mendocino-coast/,https://www.google.com/search?q=site%3Awww.adventisthealth.org+dental+dentist+patients+locations,Domain evidence may be reused as a navigation aid only; each exact profile and address still needs a supported decision.
83,www.aestheticdecor.com,1,1,1,LA_CA_L,Aesthetic,Furniture maker,http://www.aestheticdecor.com/,https://www.google.com/search?q=site%3Awww.aestheticdecor.com+dental+dentist+patients+locations,Domain evidence may be reused as a navigation aid only; each exact profile and address still needs a supported decision.
84,www.affinitycosmeticcenter.com,1,1,1,LA_CA_L,Affinity Cosmetic Center,Skin care clinic,http://www.affinitycosmeticcenter.com/,https://www.google.com/search?q=site%3Awww.affinitycosmeticcenter.com+dental+dentist+patients+locations,Domain evidence may be reused as a navigation aid only; each exact profile and address still needs a supported decision.
85,www.apicha.org,1,1,1,NYC_NY_L,Apicha Community Health Center - Jackson Heights-Queens,Medical Center,https://www.apicha.org/locations/jackson-heights-clinic/,https://www.google.com/search?q=site%3Awww.apicha.org+dental+dentist+patients+locations,Domain evidence may be reused as a navigation aid only; each exact profile and address still needs a supported decision.
86,www.aquaticrehabilitation.com,1,1,1,NYC_NY_L,Aquatic Rehabilitation Center,Rehabilitation center,http://www.aquaticrehabilitation.com/,https://www.google.com/search?q=site%3Awww.aquaticrehabilitation.com+dental+dentist+patients+locations,Domain evidence may be reused as a navigation aid only; each exact profile and address still needs a supported decision.
87,www.arcmotionrehab.com,1,1,1,LA_CA_L,"Dr. Wei Ching Lee, MD - Arc Motion Rehab Clinic",Pain management physician,http://www.arcmotionrehab.com/,https://www.google.com/search?q=site%3Awww.arcmotionrehab.com+dental+dentist+patients+locations,Domain evidence may be reused as a navigation aid only; each exact profile and address still needs a supported decision.
88,www.arroyovista.org,1,1,1,LA_CA_L,Wong Jessica Pea MD,Doctor,http://www.arroyovista.org/,https://www.google.com/search?q=site%3Awww.arroyovista.org+dental+dentist+patients+locations,Domain evidence may be reused as a navigation aid only; each exact profile and address still needs a supported decision.
89,www.aspirehs.com,1,1,1,NYC_NY_L,Aspire Health Solutions,Home health care service,https://www.aspirehs.com/,https://www.google.com/search?q=site%3Awww.aspirehs.com+dental+dentist+patients+locations,Domain evidence may be reused as a navigation aid only; each exact profile and address still needs a supported decision.
90,www.augusta.va.gov,1,1,1,Augusta_GA_L,VA Downtown Division,Hospital,https://www.augusta.va.gov/locations/directions.asp,https://www.google.com/search?q=site%3Awww.augusta.va.gov+dental+dentist+patients+locations,Domain evidence may be reused as a navigation aid only; each exact profile and address still needs a supported decision.
91,www.betances.org,1,1,1,NYC_NY_L,Betances Health Center,Community health center,http://www.betances.org/,https://www.google.com/search?q=site%3Awww.betances.org+dental+dentist+patients+locations,Domain evidence may be reused as a navigation aid only; each exact profile and address still needs a supported decision.
92,www.bewellmedical.com,1,1,1,NYC_NY_L,Be Well Primary Health Care Center,Internist,http://www.bewellmedical.com/,https://www.google.com/search?q=site%3Awww.bewellmedical.com+dental+dentist+patients+locations,Domain evidence may be reused as a navigation aid only; each exact profile and address still needs a supported decision.
93,www.bmsfamilyhealth.org,1,1,1,NYC_NY_L,BMS Family Health and Wellness Centers@Ashford,Medical Center,https://www.bmsfamilyhealth.org/,https://www.google.com/search?q=site%3Awww.bmsfamilyhealth.org+dental+dentist+patients+locations,Domain evidence may be reused as a navigation aid only; each exact profile and address still needs a supported decision.
94,www.brookdalehospital.org,1,1,1,NYC_NY_L,Brookdale Family Care Center - New Lots,Medical office,http://www.brookdalehospital.org/brookdale-family-care-center-bristol-street.html,https://www.google.com/search?q=site%3Awww.brookdalehospital.org+dental+dentist+patients+locations,Domain evidence may be reused as a navigation aid only; each exact profile and address still needs a supported decision.
95,www.brooklynplaza.org,1,1,1,NYC_NY_L,Whitman Ingersoll Farragut Hea,Medical clinic,http://www.brooklynplaza.org/,https://www.google.com/search?q=site%3Awww.brooklynplaza.org+dental+dentist+patients+locations,Domain evidence may be reused as a navigation aid only; each exact profile and address still needs a supported decision.
96,www.cbwchc.org,1,1,1,NYC_NY_L,Charles B. Wang Community Health Center,Medical Center,https://www.cbwchc.org/,https://www.google.com/search?q=site%3Awww.cbwchc.org+dental+dentist+patients+locations,Domain evidence may be reused as a navigation aid only; each exact profile and address still needs a supported decision.
97,www.ccbq.org,1,1,1,NYC_NY_L,"Antonia Sarris, LCSW",Social services organization,http://www.ccbq.org/,https://www.google.com/search?q=site%3Awww.ccbq.org+dental+dentist+patients+locations,Domain evidence may be reused as a navigation aid only; each exact profile and address still needs a supported decision.
98,www.cchsaugusta.org,1,1,1,Augusta_GA_L,Christ Community Health Peach Orchard,Medical clinic,https://www.cchsaugusta.org/,https://www.google.com/search?q=site%3Awww.cchsaugusta.org+dental+dentist+patients+locations,Domain evidence may be reused as a navigation aid only; each exact profile and address still needs a supported decision.
99,www.cedars-sinai.org,1,1,1,LA_CA_L,"Ardeshir Soroushyari, M.D.",Internist,https://www.cedars-sinai.org/provider/ardeshir-soroushyari-2644702.html,https://www.google.com/search?q=site%3Awww.cedars-sinai.org+dental+dentist+patients+locations,Domain evidence may be reused as a navigation aid only; each exact profile and address still needs a supported decision.
100,www.centralcityhealth.org,1,1,1,LA_CA_L,Central City Community Health Center,Community health center,http://www.centralcityhealth.org/,https://www.google.com/search?q=site%3Awww.centralcityhealth.org+dental+dentist+patients+locations,Domain evidence may be reused as a navigation aid only; each exact profile and address still needs a supported decision.
101,www.clinicas.org,1,1,1,LA_CA_L,Clinicas Newbury Park Health Center,Community health center,https://www.clinicas.org/content/newbury-park,https://www.google.com/search?q=site%3Awww.clinicas.org+dental+dentist+patients+locations,Domain evidence may be reused as a navigation aid only; each exact profile and address still needs a supported decision.
102,www.clinicbythebay.org,1,1,1,SanFrancisco_CA_L,Clinic by the Bay,Medical clinic,http://www.clinicbythebay.org/,https://www.google.com/search?q=site%3Awww.clinicbythebay.org+dental+dentist+patients+locations,Domain evidence may be reused as a navigation aid only; each exact profile and address still needs a supported decision.
103,www.coffeeandconsultingllc.com,1,1,1,NYC_NY_L,Coffee and Consulting LLC,Bookkeeping service,https://www.coffeeandconsultingllc.com/,https://www.google.com/search?q=site%3Awww.coffeeandconsultingllc.com+dental+dentist+patients+locations,Domain evidence may be reused as a navigation aid only; each exact profile and address still needs a supported decision.
104,www.columbiadoctors.org,1,1,1,NYC_NY_L,ColumbiaDoctors - Midtown,Medical Center,https://www.columbiadoctors.org/locations/columbiadoctors-midtown?utm_source=yextgmb&utm_medium=organic&utm_campaign=yext_doctor_listings,https://www.google.com/search?q=site%3Awww.columbiadoctors.org+dental+dentist+patients+locations,Domain evidence may be reused as a navigation aid only; each exact profile and address still needs a supported decision.
105,www.cscla.org,1,1,1,LA_CA_L,Chinatown Service Center,Health,https://www.cscla.org/,https://www.google.com/search?q=site%3Awww.cscla.org+dental+dentist+patients+locations,Domain evidence may be reused as a navigation aid only; each exact profile and address still needs a supported decision.
106,www.csdentalny.com,1,1,1,NYC_NY_L,Dr. Oleg Zusin,Medical clinic,https://www.csdentalny.com/meet-our-doctors,https://www.google.com/search?q=site%3Awww.csdentalny.com+dental+dentist+patients+locations,Domain evidence may be reused as a navigation aid only; each exact profile and address still needs a supported decision.
107,www.curlyjanes.com,1,1,1,Buffalo_NY_L,CurlyJanes Crystal Rose,Herbalist,http://www.curlyjanes.com/,https://www.google.com/search?q=site%3Awww.curlyjanes.com+dental+dentist+patients+locations,Domain evidence may be reused as a navigation aid only; each exact profile and address still needs a supported decision.
108,www.damian.org,1,1,1,NYC_NY_L,Damian Family Health Center,Medical clinic,http://www.damian.org/,https://www.google.com/search?q=site%3Awww.damian.org+dental+dentist+patients+locations,Domain evidence may be reused as a navigation aid only; each exact profile and address still needs a supported decision.
109,www.devonshirehouse10th.com,1,1,1,NYC_NY_L,Devonshire House,Condominium complex,https://www.devonshirehouse10th.com/,https://www.google.com/search?q=site%3Awww.devonshirehouse10th.com+dental+dentist+patients+locations,Domain evidence may be reused as a navigation aid only; each exact profile and address still needs a supported decision.
110,www.digestivecareconsultants.net,1,1,1,LA_CA_L,Endoscopy Center At Skypark,Medical clinic,http://www.digestivecareconsultants.net/,https://www.google.com/search?q=site%3Awww.digestivecareconsultants.net+dental+dentist+patients+locations,Domain evidence may be reused as a navigation aid only; each exact profile and address still needs a supported decision.
111,www.downstate.edu,1,1,1,NYC_NY_L,Health Science Center At Brooklyn,Medical clinic,http://www.downstate.edu/,https://www.google.com/search?q=site%3Awww.downstate.edu+dental+dentist+patients+locations,Domain evidence may be reused as a navigation aid only; each exact profile and address still needs a supported decision.
112,www.dublin.va.gov,1,1,1,Macon_GA_M,Macon VA Clinic,Medical clinic,http://www.dublin.va.gov/,https://www.google.com/search?q=site%3Awww.dublin.va.gov+dental+dentist+patients+locations,Domain evidence may be reused as a navigation aid only; each exact profile and address still needs a supported decision.
113,www.elproyecto.us,1,1,1,LA_CA_L,El Proyecto Del Barrio,Medical clinic,https://www.elproyecto.us/,https://www.google.com/search?q=site%3Awww.elproyecto.us+dental+dentist+patients+locations,Domain evidence may be reused as a navigation aid only; each exact profile and address still needs a supported decision.
114,www.encinosleepandtmj.com,1,1,1,LA_CA_L,Encino Center for Sleep and TMJ Disorders,Sleep clinic,http://www.encinosleepandtmj.com/,https://www.google.com/search?q=site%3Awww.encinosleepandtmj.com+dental+dentist+patients+locations,Domain evidence may be reused as a navigation aid only; each exact profile and address still needs a supported decision.
115,www.envoyhealth.io,1,1,1,SanFrancisco_CA_L,Envoy Health,Health consultant,https://www.envoyhealth.io/,https://www.google.com/search?q=site%3Awww.envoyhealth.io+dental+dentist+patients+locations,Domain evidence may be reused as a navigation aid only; each exact profile and address still needs a supported decision.
116,www.facebook.com,1,1,1,Augusta_GA_L,Shifa Care Clinic,Medical Center,https://www.facebook.com/shifacareclinic,https://www.google.com/search?q=site%3Awww.facebook.com+dental+dentist+patients+locations,Domain evidence may be reused as a navigation aid only; each exact profile and address still needs a supported decision.
117,www.facialtherapystudio.com,1,1,1,SanFrancisco_CA_L,Facial Therapy Studio,Medical spa,https://www.facialtherapystudio.com/,https://www.google.com/search?q=site%3Awww.facialtherapystudio.com+dental+dentist+patients+locations,Domain evidence may be reused as a navigation aid only; each exact profile and address still needs a supported decision.
118,www.fcaoutdoors.com,1,1,1,Atlanta_GA_L,Fellowship For Christian,Religious organization,http://www.fcaoutdoors.com/,https://www.google.com/search?q=site%3Awww.fcaoutdoors.com+dental+dentist+patients+locations,Domain evidence may be reused as a navigation aid only; each exact profile and address still needs a supported decision.
119,www.firstchoiceprimarycare.org,1,1,1,Macon_GA_M,First Choice Primary Care: Rountree Rhonda MD,Registered general nurse,https://www.firstchoiceprimarycare.org/,https://www.google.com/search?q=site%3Awww.firstchoiceprimarycare.org+dental+dentist+patients+locations,Domain evidence may be reused as a navigation aid only; each exact profile and address still needs a supported decision.
120,www.firstfamilycare.com,1,1,1,NYC_NY_L,First Family Care Medical and Dental,Medical clinic,http://www.firstfamilycare.com/,https://www.google.com/search?q=site%3Awww.firstfamilycare.com+dental+dentist+patients+locations,Domain evidence may be reused as a navigation aid only; each exact profile and address still needs a supported decision.
121,www.fofhealthcenter.org,1,1,1,LA_CA_L,Friends of Family Health Center,Medical clinic,http://www.fofhealthcenter.org/,https://www.google.com/search?q=site%3Awww.fofhealthcenter.org+dental+dentist+patients+locations,Domain evidence may be reused as a navigation aid only; each exact profile and address still needs a supported decision.
122,www.gr8look.com,1,1,1,Buffalo_NY_L,Aesthetic Associates Centre,Plastic surgery clinic,https://www.gr8look.com/,https://www.google.com/search?q=site%3Awww.gr8look.com+dental+dentist+patients+locations,Domain evidence may be reused as a navigation aid only; each exact profile and address still needs a supported decision.
123,www.halberstadtortho.com,1,1,1,NYC_NY_L,Geoffrey Halberstadt,Medical clinic,https://www.halberstadtortho.com/,https://www.google.com/search?q=site%3Awww.halberstadtortho.com+dental+dentist+patients+locations,Domain evidence may be reused as a navigation aid only; each exact profile and address still needs a supported decision.
124,www.harlemunited.org,1,1,1,NYC_NY_L,Harlem United's The Nest Community Health Center,Community health center,http://www.harlemunited.org/,https://www.google.com/search?q=site%3Awww.harlemunited.org+dental+dentist+patients+locations,Domain evidence may be reused as a navigation aid only; each exact profile and address still needs a supported decision.
125,www.harvesthousebuffalo.org,1,1,1,Buffalo_NY_L,Good Neighbors Health Care,Medical clinic,https://www.harvesthousebuffalo.org/good-neighbors-health-care,https://www.google.com/search?q=site%3Awww.harvesthousebuffalo.org+dental+dentist+patients+locations,Domain evidence may be reused as a navigation aid only; each exact profile and address still needs a supported decision.
126,www.healthright360.org,1,1,1,SanFrancisco_CA_L,HealthRIGHT 360,Addiction treatment center,http://www.healthright360.org/,https://www.google.com/search?q=site%3Awww.healthright360.org+dental+dentist+patients+locations,Domain evidence may be reused as a navigation aid only; each exact profile and address still needs a supported decision.
127,www.interdent.com,1,1,1,LA_CA_L,"InterDent, Inc.",Business to business service,https://www.interdent.com/,https://www.google.com/search?q=site%3Awww.interdent.com+dental+dentist+patients+locations,Domain evidence may be reused as a navigation aid only; each exact profile and address still needs a supported decision.
128,www.jawsurgerylosangeles.com,1,1,1,LA_CA_L,Jaw Surgery Los Angeles,Plastic surgery clinic,https://www.jawsurgerylosangeles.com/?y_source=1_MTY5Njc1NzctNzE1LWxvY2F0aW9uLndlYnNpdGU%3D,https://www.google.com/search?q=site%3Awww.jawsurgerylosangeles.com+dental+dentist+patients+locations,Domain evidence may be reused as a navigation aid only; each exact profile and address still needs a supported decision.
129,www.jrchc.org,1,1,1,Buffalo_NY_L,Jericho Road Community Health Center at Buffalo City Mission,Community health center,http://www.jrchc.org/,https://www.google.com/search?q=site%3Awww.jrchc.org+dental+dentist+patients+locations,Domain evidence may be reused as a navigation aid only; each exact profile and address still needs a supported decision.
130,www.kcsinc.org,1,1,1,LA_CA_L,KCS Health Center - Orangethorpe,Medical clinic,https://www.kcsinc.org/,https://www.google.com/search?q=site%3Awww.kcsinc.org+dental+dentist+patients+locations,Domain evidence may be reused as a navigation aid only; each exact profile and address still needs a supported decision.
131,www.lakheir.org,1,1,1,LA_CA_L,Kheir Clinic Suite 120,Medical clinic,http://www.lakheir.org/,https://www.google.com/search?q=site%3Awww.lakheir.org+dental+dentist+patients+locations,Domain evidence may be reused as a navigation aid only; each exact profile and address still needs a supported decision.
132,www.losportalesmd.com,1,1,1,SanFrancisco_CA_L,Los Portales Medical and Dental Center,Medical Center,https://www.losportalesmd.com/,https://www.google.com/search?q=site%3Awww.losportalesmd.com+dental+dentist+patients+locations,Domain evidence may be reused as a navigation aid only; each exact profile and address still needs a supported decision.
133,www.lynetteklineod.com,1,1,1,FortBragg_CA_S,"Lynette Kline, OD",Optometrist,http://www.lynetteklineod.com/,https://www.google.com/search?q=site%3Awww.lynetteklineod.com+dental+dentist+patients+locations,Domain evidence may be reused as a navigation aid only; each exact profile and address still needs a supported decision.
134,www.maconvolunteerclinic.org,1,1,1,Macon_GA_M,Macon Volunteer Clinic,Medical clinic,http://www.maconvolunteerclinic.org/,https://www.google.com/search?q=site%3Awww.maconvolunteerclinic.org+dental+dentist+patients+locations,Domain evidence may be reused as a navigation aid only; each exact profile and address still needs a supported decision.
135,www.manhattanaudiology.com,1,1,1,NYC_NY_L,Queens Audiology PLLC,Medical clinic,https://www.manhattanaudiology.com/,https://www.google.com/search?q=site%3Awww.manhattanaudiology.com+dental+dentist+patients+locations,Domain evidence may be reused as a navigation aid only; each exact profile and address still needs a supported decision.
136,www.marvabuttersdpm.com,1,1,1,NYC_NY_L,Sterling Podiatric PC,Medical clinic,http://www.marvabuttersdpm.com/,https://www.google.com/search?q=site%3Awww.marvabuttersdpm.com+dental+dentist+patients+locations,Domain evidence may be reused as a navigation aid only; each exact profile and address still needs a supported decision.
137,www.mccn.org,1,1,1,LA_CA_L,"Mission City Community Network, Inc - North Hills",Medical clinic,http://www.mccn.org/,https://www.google.com/search?q=site%3Awww.mccn.org+dental+dentist+patients+locations,Domain evidence may be reused as a navigation aid only; each exact profile and address still needs a supported decision.
138,www.medicalorthodontics.org,1,1,1,NYC_NY_L,Medical Orthodontics,Medical spa,http://www.medicalorthodontics.org/,https://www.google.com/search?q=site%3Awww.medicalorthodontics.org+dental+dentist+patients+locations,Domain evidence may be reused as a navigation aid only; each exact profile and address still needs a supported decision.
139,www.mendocinocoasteyecare.com,1,1,1,FortBragg_CA_S,"J. Kyle Smith, OD",Optometrist,http://www.mendocinocoasteyecare.com/,https://www.google.com/search?q=site%3Awww.mendocinocoasteyecare.com+dental+dentist+patients+locations,Domain evidence may be reused as a navigation aid only; each exact profile and address still needs a supported decision.
140,www.millenniumhealthcenters.com,1,1,1,LA_CA_L,Millennium Health Group,Alternative medicine practitioner,http://www.millenniumhealthcenters.com/,https://www.google.com/search?q=site%3Awww.millenniumhealthcenters.com+dental+dentist+patients+locations,Domain evidence may be reused as a navigation aid only; each exact profile and address still needs a supported decision.
141,www.mobile3dadvantage.com,1,1,1,LA_CA_L,Mobile 3D Advantage,X-ray lab,https://www.mobile3dadvantage.com/,https://www.google.com/search?q=site%3Awww.mobile3dadvantage.com+dental+dentist+patients+locations,Domain evidence may be reused as a navigation aid only; each exact profile and address still needs a supported decision.
142,www.montefiore.org,1,1,1,NYC_NY_L,Montefiore Janice A Simpson,Medical clinic,http://www.montefiore.org/,https://www.google.com/search?q=site%3Awww.montefiore.org+dental+dentist+patients+locations,Domain evidence may be reused as a navigation aid only; each exact profile and address still needs a supported decision.
143,www.nativehealth.org,1,1,1,SanFrancisco_CA_L,Native American Health Center - 160 Capp St,Medical clinic,http://www.nativehealth.org/,https://www.google.com/search?q=site%3Awww.nativehealth.org+dental+dentist+patients+locations,Domain evidence may be reused as a navigation aid only; each exact profile and address still needs a supported decision.
144,www.nemspace.org,1,1,1,SanFrancisco_CA_L,NEMS PACE San Francisco Chinatown Center,Community health center,https://www.nemspace.org/,https://www.google.com/search?q=site%3Awww.nemspace.org+dental+dentist+patients+locations,Domain evidence may be reused as a navigation aid only; each exact profile and address still needs a supported decision.
145,www.neobiotechusa.com,1,1,1,LA_CA_L,Neobiotech USA,Medical equipment supplier,http://www.neobiotechusa.com/,https://www.google.com/search?q=site%3Awww.neobiotechusa.com+dental+dentist+patients+locations,Domain evidence may be reused as a navigation aid only; each exact profile and address still needs a supported decision.
146,www.nevhc.org,1,1,1,LA_CA_L,Northeast Valley Health Corporation (San Fernando Health Center),Medical clinic,http://www.nevhc.org/,https://www.google.com/search?q=site%3Awww.nevhc.org+dental+dentist+patients+locations,Domain evidence may be reused as a navigation aid only; each exact profile and address still needs a supported decision.
147,www.northcentralhealthdistrict.org,1,1,1,Macon_GA_M,North Central Health District,State government office,http://www.northcentralhealthdistrict.org/,https://www.google.com/search?q=site%3Awww.northcentralhealthdistrict.org+dental+dentist+patients+locations,Domain evidence may be reused as a navigation aid only; each exact profile and address still needs a supported decision.
148,www.northcoastclinics.org,1,1,1,Eureka_CA_S,North Coast Clinics Network,Business administration service,http://www.northcoastclinics.org/,https://www.google.com/search?q=site%3Awww.northcoastclinics.org+dental+dentist+patients+locations,Domain evidence may be reused as a navigation aid only; each exact profile and address still needs a supported decision.
149,www.openarmsclinicga.com,1,1,1,Toccoa_GA_S,Open Arms Clinic,Medical clinic,http://www.openarmsclinicga.com/,https://www.google.com/search?q=site%3Awww.openarmsclinicga.com+dental+dentist+patients+locations,Domain evidence may be reused as a navigation aid only; each exact profile and address still needs a supported decision.
150,www.partnershiphp.org,1,1,1,Eureka_CA_S,Partnership Healthplan Of California,Government office,http://www.partnershiphp.org/,https://www.google.com/search?q=site%3Awww.partnershiphp.org+dental+dentist+patients+locations,Domain evidence may be reused as a navigation aid only; each exact profile and address still needs a supported decision.
151,www.projectrenewal.org,1,1,1,NYC_NY_L,Project Renewal Fort Washington Men's Shelter,Homeless shelter,http://www.projectrenewal.org/,https://www.google.com/search?q=site%3Awww.projectrenewal.org+dental+dentist+patients+locations,Domain evidence may be reused as a navigation aid only; each exact profile and address still needs a supported decision.
152,www.raddico.com,1,1,1,LA_CA_L,Granada Hills Radiology,X-ray lab,http://www.raddico.com/,https://www.google.com/search?q=site%3Awww.raddico.com+dental+dentist+patients+locations,Domain evidence may be reused as a navigation aid only; each exact profile and address still needs a supported decision.
153,www.rjimmigrationlaw.com,1,1,1,Buffalo_NY_L,Richards and Jurusik Immigration Lawyers,Immigration attorney,https://www.rjimmigrationlaw.com/,https://www.google.com/search?q=site%3Awww.rjimmigrationlaw.com+dental+dentist+patients+locations,Domain evidence may be reused as a navigation aid only; each exact profile and address still needs a supported decision.
154,www.ronrinaldi.com,1,1,1,NYC_NY_L,Ron Rinaldi Photography,Photographer,http://www.ronrinaldi.com/,https://www.google.com/search?q=site%3Awww.ronrinaldi.com+dental+dentist+patients+locations,Domain evidence may be reused as a navigation aid only; each exact profile and address still needs a supported decision.
155,www.sf.gov,1,1,1,SanFrancisco_CA_L,Tom Waddell Urban Health Center,Medical clinic,http://www.sf.gov/location/tom-waddell-urban-health-clinic,https://www.google.com/search?q=site%3Awww.sf.gov+dental+dentist+patients+locations,Domain evidence may be reused as a navigation aid only; each exact profile and address still needs a supported decision.
156,www.sleepdunwoody.com,1,1,1,Atlanta_GA_L,Sleep Better Georgia,Sleep clinic,https://www.sleepdunwoody.com/?utm_source=google&utm_medium=organic&utm_campaign=gbpDunwoody,https://www.google.com/search?q=site%3Awww.sleepdunwoody.com+dental+dentist+patients+locations,Domain evidence may be reused as a navigation aid only; each exact profile and address still needs a supported decision.
157,www.sleepwellorthotics.com,1,1,1,NYC_NY_L,SleepWell Orthotics,Sleep clinic,https://www.sleepwellorthotics.com/,https://www.google.com/search?q=site%3Awww.sleepwellorthotics.com+dental+dentist+patients+locations,Domain evidence may be reused as a navigation aid only; each exact profile and address still needs a supported decision.
158,www.sunriver.org,1,1,1,NYC_NY_L,Sun River Health Staten Island,Medical clinic,https://www.sunriver.org/your-health/sun-river-health-staten-island/,https://www.google.com/search?q=site%3Awww.sunriver.org+dental+dentist+patients+locations,Domain evidence may be reused as a navigation aid only; each exact profile and address still needs a supported decision.
159,www.superdoctors.com,1,1,1,NYC_NY_L,Head & Neck Surgical Group,Otolaryngology clinic,https://www.superdoctors.com/new-york-metro/hospital-clinic/Head-and-Neck-Surgical-Group/c8bd9019-fa74-4f4c-985a-8a1ec915098f.html,https://www.google.com/search?q=site%3Awww.superdoctors.com+dental+dentist+patients+locations,Domain evidence may be reused as a navigation aid only; each exact profile and address still needs a supported decision.
160,www.thecompound716.com,1,1,1,Buffalo_NY_L,Struggle Compound,Clothing store,https://www.thecompound716.com/,https://www.google.com/search?q=site%3Awww.thecompound716.com+dental+dentist+patients+locations,Domain evidence may be reused as a navigation aid only; each exact profile and address still needs a supported decision.
161,www.ucsfhealth.org,1,1,1,SanFrancisco_CA_L,"Richard Jordan, D.D.S.",Pathologist,https://www.ucsfhealth.org/providers/dr-richard-c-jordan,https://www.google.com/search?q=site%3Awww.ucsfhealth.org+dental+dentist+patients+locations,Domain evidence may be reused as a navigation aid only; each exact profile and address still needs a supported decision.
162,www.urbanhealthplan.org,1,1,1,NYC_NY_L,Urban Health Plan,Medical clinic,http://www.urbanhealthplan.org/,https://www.google.com/search?q=site%3Awww.urbanhealthplan.org+dental+dentist+patients+locations,Domain evidence may be reused as a navigation aid only; each exact profile and address still needs a supported decision.
163,www.va.gov,1,1,1,Eureka_CA_S,Eureka VA Clinic,Medical clinic,https://www.va.gov/san-francisco-health-care/locations/eureka-va-clinic/,https://www.google.com/search?q=site%3Awww.va.gov+dental+dentist+patients+locations,Domain evidence may be reused as a navigation aid only; each exact profile and address still needs a supported decision.
164,www.venicefamilyclinic.org,1,1,1,LA_CA_L,Venice Family Clinic - Simms/Mann Health Ctr,Medical clinic,https://www.venicefamilyclinic.org/,https://www.google.com/search?q=site%3Awww.venicefamilyclinic.org+dental+dentist+patients+locations,Domain evidence may be reused as a navigation aid only; each exact profile and address still needs a supported decision.
165,www.viacarela.org,1,1,1,LA_CA_L,Via Care Cesar Chavez Health Center,Medical clinic,https://www.viacarela.org/,https://www.google.com/search?q=site%3Awww.viacarela.org+dental+dentist+patients+locations,Domain evidence may be reused as a navigation aid only; each exact profile and address still needs a supported decision.
166,www.visodentnyc.com,1,1,1,NYC_NY_L,"VisoDent NYC - Teeth whitening, Invisalign, Aesthetics clinic",Doctor,https://www.visodentnyc.com/,https://www.google.com/search?q=site%3Awww.visodentnyc.com+dental+dentist+patients+locations,Domain evidence may be reused as a navigation aid only; each exact profile and address still needs a supported decision.
167,www.vistacommunityclinic.org,1,1,1,LA_CA_L,VCC: The Gary Center,Medical clinic,https://www.vistacommunityclinic.org/events/grand-opening-vcc-gary-center/,https://www.google.com/search?q=site%3Awww.vistacommunityclinic.org+dental+dentist+patients+locations,Domain evidence may be reused as a navigation aid only; each exact profile and address still needs a supported decision.
168,www.wattshealth.org,1,1,1,LA_CA_L,Watts Healthcare - Watts Health Center,Community health center,http://www.wattshealth.org/,https://www.google.com/search?q=site%3Awww.wattshealth.org+dental+dentist+patients+locations,Domain evidence may be reused as a navigation aid only; each exact profile and address still needs a supported decision.
169,www.whitefoord.org,1,1,1,Atlanta_GA_L,"Whitefoord, Inc.",Medical clinic,http://www.whitefoord.org/,https://www.google.com/search?q=site%3Awww.whitefoord.org+dental+dentist+patients+locations,Domain evidence may be reused as a navigation aid only; each exact profile and address still needs a supported decision.
170,www.windsorpodiatry.com,1,1,1,NYC_NY_L,Windsor Podiatry,Medical clinic,http://www.windsorpodiatry.com/,https://www.google.com/search?q=site%3Awww.windsorpodiatry.com+dental+dentist+patients+locations,Domain evidence may be reused as a navigation aid only; each exact profile and address still needs a supported decision.
171,www.yai.org,1,1,1,NYC_NY_L,Premier HealthCare & YAI Center for Specialty Therapy,Medical clinic,https://www.yai.org/locations/healthcare,https://www.google.com/search?q=site%3Awww.yai.org+dental+dentist+patients+locations,Domain evidence may be reused as a navigation aid only; each exact profile and address still needs a supported decision.
